"","Announcement","Death","Burial","Burial_Day","Burial_Week","Gender","Color","Size","Word_Count","No_of_Children","Significant_Children","Significant_Relatives","Fundraising","Death_to_Burial","Announce_to_Burial","No_of_Relatives","County_Burial","County_Morgue","Distance_Morgue","Cause_of_Death","Married","Spouse_Alive","Spouse_gender","Death_to_Announce"
"1",2017-11-08,2017-11-02,2017-11-17,"5",0,1,1,55.18,179,7,0,0,1,15,9,35,"33","33",1,"2",1,1,0,6
"2",2017-11-08,2017-10-27,2017-11-11,"6",1,0,1,83.6,293,4,0,7,1,15,3,8,"31","31",1,"2",1,1,1,12
"3",2017-11-08,2017-11-01,2017-11-08,"3",0,1,1,109.12,206,4,0,2,0,7,0,7,"28","24",160,"2",1,1,0,7
"4",2017-11-08,2017-10-24,2017-11-09,"4",0,1,1,83.6,171,4,0,0,0,16,1,33,"32","32",20,"2",1,0,0,15
"5",2017-11-08,2017-11-02,2017-11-11,"6",1,0,0,55.18,150,1,0,4,1,9,3,17,"17","22",20,"1",1,0,1,6
"6",2017-11-08,2017-11-02,2017-11-09,"4",0,0,1,55.18,174,4,1,7,0,7,1,19,"6","10",1,"2",1,0,1,6
"7",2017-11-07,2017-10-18,2017-11-10,"5",0,0,1,145.96,450,11,1,0,0,23,3,115,"27","23",67,"2",1,1,1,20
"8",2017-11-07,2017-11-02,2017-11-09,"4",0,1,1,55.18,154,7,0,0,0,7,2,2,"23","23",1,"2",1,0,0,5
"9",2017-11-07,2017-11-03,2017-11-11,"6",1,1,1,55.18,2014,3,0,0,0,8,4,24,"29","23",58,"2",1,1,0,4
"10",2017-11-07,2017-11-02,2017-11-11,"6",1,0,1,84.55,236,19,3,7,1,9,4,26,"3","23",113,"2",1,0,1,5
"11",2017-11-07,2017-10-30,2017-11-08,"3",1,1,1,159.6,172,11,0,0,0,9,1,0,"2","23",1,"2",1,0,0,8
"13",2017-11-08,2017-10-18,2017-11-11,"6",1,1,1,68.53,240,9,0,0,0,24,3,27,"14","23",84,"2",1,1,0,21
"14",2017-11-08,2017-10-29,2017-11-10,"5",0,1,1,66.88,200,4,0,1,0,12,2,18,"22","23",155,"2",1,1,0,10
"15",2017-11-07,2017-11-01,2017-11-08,"3",0,1,1,53.68,172,8,0,0,0,7,1,11,"22","23",155,"2",1,0,0,6
"16",2017-11-07,2017-10-31,2017-11-10,"5",0,0,1,54.56,138,7,0,0,0,10,3,4,"6","6",1,"2",1,0,1,7
"17",2017-11-07,2017-10-24,2017-11-10,"5",0,1,1,81.7,184,4,3,0,0,17,3,13,"23","23",1,"2",1,0,0,14
"18",2017-11-07,2017-11-01,2017-11-08,"3",0,0,1,83.52,171,3,1,1,0,7,1,27,"8","15",153,"2",1,1,1,6
"19",2017-11-07,2017-11-01,2017-11-10,"5",0,0,1,55.44,200,8,5,2,0,9,3,19,"28","28",1,"2",1,0,1,6
"20",2017-11-07,2017-11-02,2017-11-14,"2",0,0,1,85.44,199,10,9,0,1,12,7,7,"22","11",134,"2",1,0,1,5
"21",2017-11-07,2017-11-01,2017-11-09,"4",0,0,0,55.44,164,2,0,0,0,8,2,17,"11","11",1,"2",1,1,1,6
"23",2017-11-07,2017-10-30,2017-11-11,"6",1,0,1,55.44,185,3,0,0,1,12,4,17,"12","21",103,"2",1,0,1,8
"24",2017-11-07,2017-10-29,2017-11-11,"6",1,0,1,154.1,267,4,2,0,1,13,4,29,"9","33",171,"2",1,1,1,9
"25",2017-11-08,2017-11-01,2017-11-10,"5",0,1,1,54.56,146,13,0,0,0,9,2,15,"24","24",1,"2",1,0,0,7
"26",2017-11-08,2017-11-03,2017-11-11,"4",0,1,1,83.6,233,5,5,0,0,8,3,12,"22","23",156,"2",1,1,0,5
"27",2017-11-08,2017-11-03,2017-11-10,"5",0,1,1,54.56,24,0,0,1,0,7,2,6,"29","29",1,"2",0,0,0,5
"28",2017-11-08,2017-10-30,2017-11-10,"5",0,1,1,84.48,159,2,1,0,0,11,2,8,"22","23",156,"2",1,1,0,9
"29",2017-11-08,2017-11-04,2017-11-10,"5",0,1,1,84.48,153,6,0,0,0,6,2,14,"11","11",1,"2",1,1,0,4
"30",2017-11-08,2017-10-28,2017-11-10,"5",0,0,1,84.48,270,3,0,0,1,13,2,25,"7","24",112,"2",1,1,1,11
"31",2017-11-08,2017-10-31,2017-11-11,"6",1,1,1,54.56,197,0,0,0,1,11,3,38,"4","23",124,"2",0,0,0,8
"32",2017-11-07,2017-11-01,2017-11-08,"3",0,1,1,54.56,191,8,0,0,0,7,1,12,"11","13",1,"2",1,1,0,6
"33",2017-11-07,2017-10-22,2017-11-10,"5",0,0,1,63.36,269,4,1,0,0,19,3,57,"20","20",1,"2",1,0,1,16
"34",2017-11-07,2017-10-28,2017-11-11,"4",0,0,1,55.18,146,8,0,0,0,14,4,7,"13","21",25,"2",1,0,1,10
"36",2017-11-01,2017-10-24,2017-11-03,"5",0,0,1,56.07,178,1,0,0,0,10,2,32,"23","23",1,"2",1,1,1,8
"37",2017-11-01,2017-10-28,2017-11-03,"5",0,0,1,145.96,202,0,0,6,0,6,2,29,"23","23",1,"1",0,0,0,4
"38",2017-01-07,2017-01-05,2017-01-10,"2",0,0,0,443.88,282,9,3,0,0,5,3,21,"11","23",1,"2",1,0,1,2
"39",2017-11-03,2017-10-30,2017-11-11,"4",0,0,1,154.86,214,4,0,1,0,12,8,25,"28","23",160,"2",1,1,1,4
"40",2016-11-27,2016-11-20,2016-11-30,"3",0,0,1,144.32,172,6,0,0,0,10,3,14,"13","23",139,"1",1,0,1,7
"41",2017-11-08,2017-11-05,2017-11-10,"5",0,1,1,67.76,182,5,0,0,0,5,2,9,"29","29",1,"2",1,1,0,3
"42",2017-11-08,2017-10-31,2017-11-10,"5",0,1,1,55.18,231,16,0,0,0,10,2,19,"6","6",1,"2",1,1,0,8
"45",2017-11-01,2017-10-28,2017-11-04,"6",1,0,1,55.18,153,0,0,0,1,7,3,5,"18","23",16,"2",0,0,0,4
"50",2017-11-03,2017-10-30,2017-11-07,"2",0,0,1,54.56,252,5,0,14,1,8,4,1,"22","23",122,"2",1,1,1,4
"51",2017-11-03,2017-10-24,2017-11-04,"6",1,1,1,54.56,142,3,2,0,0,11,1,16,"22","23",122,"2",1,1,0,10
"52",2017-11-03,2017-10-24,2017-11-04,"6",1,1,1,54.56,114,5,0,2,0,11,1,11,"9","23",160,"2",1,1,0,10
"54",2017-01-07,2017-01-01,2017-01-11,"6",1,1,1,84.48,251,9,0,0,0,10,4,21,"16","23",92,"2",1,1,0,6
"56",2017-10-30,2017-10-18,2017-11-01,"3",0,1,1,84.48,230,8,0,2,0,14,2,10,"23","23",1,"2",1,0,0,12
"57",2017-10-30,2017-10-20,2017-11-03,"5",0,1,1,54.56,193,1,0,2,1,14,4,2,"23","23",1,"1",1,1,0,10
"58",2017-01-07,2017-01-02,2017-01-12,"4",0,0,1,54.56,117,5,1,1,0,10,5,16,"29","23",24,"2",0,0,0,5
"59",2017-10-31,2017-10-25,2017-11-02,"4",0,0,1,54.56,234,7,0,0,0,8,2,34,"22","23",154,"2",1,1,1,6
"60",2017-10-31,2017-10-24,2017-11-03,"5",0,0,1,54.56,188,2,0,0,1,10,3,9,"23","23",1,"2",0,0,0,7
"62",2017-10-31,2017-10-18,2017-11-04,"6",1,0,1,110,262,6,0,0,1,17,4,20,"30","23",112,"2",1,0,1,13
"63",2017-10-31,2017-10-10,2017-11-03,"5",0,0,1,84.48,270,3,0,1,1,24,3,29,"27","23",73,"2",1,1,1,21
"64",2017-10-31,2017-10-10,2017-11-04,"6",1,0,1,54.56,149,2,0,0,0,25,4,14,"9","11",1,"2",1,1,1,21
"65",2017-10-31,2017-10-28,2017-11-02,"4",0,0,1,84.48,152,2,0,0,0,5,2,15,"11","11",1,"2",1,1,1,3
"66",2017-10-31,2017-10-21,2017-11-04,"6",1,1,1,145.96,194,0,0,0,1,14,4,67,"1","24",105,"1",0,0,0,10
"67",2017-10-31,2017-10-26,2017-11-02,"4",0,0,1,84.48,231,6,0,1,0,7,2,21,"11","11",1,"2",1,1,1,5
"68",2017-10-31,2017-10-21,2017-11-04,"6",1,0,1,67.76,221,8,1,0,0,14,4,28,"13","23",99,"2",1,0,1,10
"69",2017-10-31,2017-10-29,2017-11-03,"5",0,1,1,54.56,294,6,1,3,1,5,3,110,"13","23",73,"2",1,1,0,2
"71",2017-10-31,2017-10-17,2017-11-01,"3",0,0,1,84.48,273,6,0,0,0,15,1,33,"31","23",45,"2",1,1,1,14
"72",2017-01-07,2017-01-04,2017-01-11,"3",0,0,1,111.25,279,10,2,0,0,7,4,19,"11","23",75,"2",1,0,1,3
"74",2016-11-27,2016-12-22,2017-01-09,"1",0,1,1,68.53,157,6,2,0,0,18,43,3,"28","23",19,"2",1,1,0,-25
"75",2016-11-27,2016-11-20,2016-12-02,"5",0,1,0,109.12,287,9,8,0,1,12,5,33,"30","28",160,"2",1,1,0,7
"76",2017-10-30,2017-10-25,2017-11-01,"3",0,1,1,84.48,178,0,0,2,0,7,2,10,"23","23",1,"2",1,1,0,5
"78",2017-10-30,2017-10-22,2017-10-31,"2",0,0,1,218.7,202,5,0,1,0,9,1,18,"11","23",78,"2",1,1,1,8
"79",2017-10-30,2017-10-19,2017-11-03,"5",0,0,1,218.7,550,3,0,3,0,15,4,28,"29","23",1,"2",0,0,0,11
"82",2017-10-30,2017-10-21,2017-11-04,"6",1,1,1,128.16,332,21,12,13,1,14,5,110,"29","33",17,"2",1,0,0,9
"83",2017-10-30,2017-10-27,2017-11-01,"3",0,0,1,128.16,172,0,0,3,0,5,2,40,"13","17",72,"2",0,0,0,3
"84",2017-10-30,2017-10-24,2017-11-03,"5",0,0,1,54.56,175,2,2,2,0,10,4,13,"23","23",1,"2",1,0,1,6
"86",2017-11-27,2017-11-21,2017-11-29,"3",0,1,1,85.44,242,8,7,3,0,8,2,48,"12","12",1,"2",1,1,0,6
"89",2017-10-31,2017-10-26,2017-11-04,"6",1,0,0,84.48,134,4,0,0,1,9,4,8,"23","24",71,"2",1,0,1,5
"90",2017-10-31,2017-10-25,2017-11-02,"4",0,1,1,110,247,9,1,0,0,8,2,22,"11","17",1,"2",1,1,0,6
"91",2017-10-31,2017-10-21,2017-11-03,"5",0,1,0,84.48,181,3,0,0,0,13,3,4,"18","23",1,"2",1,1,0,10
"93",2017-11-01,2017-10-22,2017-11-02,"4",0,1,0,54.56,150,16,0,0,0,11,1,85,"13","13",1,"2",1,1,0,10
"94",2017-11-01,2017-10-25,2017-11-04,"6",1,0,0,67.76,272,9,6,6,1,10,3,20,"17","17",1,"2",1,0,1,7
"96",2017-11-01,2017-10-27,2017-11-04,"6",1,1,1,54.56,146,4,0,0,0,8,3,14,"15","17",34,"2",1,1,0,5
"102",2017-11-15,2017-11-06,2017-11-18,"6",1,1,0,124.96,140,5,1,2,0,12,3,2,"29","33",32,"2",1,1,0,9
"103",2017-11-15,2017-11-02,2017-11-18,"6",1,1,1,54.56,238,7,0,0,1,16,3,23,"22","23",142,"2",1,1,0,13
"104",2017-11-15,2017-11-09,2017-11-20,"1",0,1,1,54.56,269,10,12,8,1,11,5,54,"23","14",175,"2",1,0,0,6
"105",2017-11-15,2017-11-11,2017-11-17,"5",0,0,1,54.56,188,5,0,57,0,6,2,70,"23","24",14,"2",1,0,1,4
"106",2017-11-15,2017-11-11,2017-11-17,"5",0,0,1,54.56,159,7,0,0,1,6,2,6,"23","23",22,"2",0,0,0,4
"108",2017-11-02,2017-10-25,2017-11-10,"5",0,0,1,67.76,261,3,3,4,1,16,8,23,"13","23",69,"2",1,1,1,8
"109",2017-11-02,2017-10-21,2017-11-04,"6",1,1,1,54.56,190,3,0,0,0,14,2,40,"30","24",134,"2",1,1,0,12
"110",2017-11-02,2017-10-16,2017-11-04,"6",1,0,1,67.76,234,0,0,5,0,19,2,26,"30","23",109,"2",0,0,0,17
"111",2017-11-02,2017-10-30,2017-11-04,"6",1,0,1,84.48,183,8,3,0,0,5,2,7,"22","22",1,"2",1,0,1,3
"112",2017-11-02,2017-10-28,2017-11-04,"6",1,1,1,54.56,183,4,0,2,0,7,2,15,"17","17",1,"1",1,1,0,5
"113",2017-11-02,2017-10-28,2017-11-07,"2",0,1,1,67.76,181,2,0,0,0,10,5,19,"23","23",1,"2",1,1,0,5
"114",2017-11-02,2017-10-25,2017-11-03,"5",0,0,1,54.56,146,5,0,0,0,9,1,5,"11","23",64,"2",1,1,1,8
"115",2017-11-02,2017-10-26,2017-11-04,"6",1,0,1,67.76,265,6,1,3,1,9,2,36,"17","17",1,"1",1,0,1,7
"116",2017-11-02,2017-10-29,2017-11-04,"6",1,1,1,54.56,205,2,0,12,1,6,2,26,"1","23",65,"2",1,1,0,4
"118",2017-11-02,2017-10-29,2017-11-04,"6",1,0,1,54.56,155,0,0,5,1,6,2,15,"29","23",23,"2",0,0,0,4
"119",2017-11-02,2017-10-28,2017-11-04,"6",1,1,0,54.56,130,5,0,0,0,7,2,3,"9","9",1,"2",1,1,0,5
"120",2017-11-02,2017-10-29,2017-11-04,"6",1,0,1,110,206,9,5,11,0,6,2,19,"11","12",1,"2",1,0,1,4
"122",2017-11-02,2017-10-22,2017-11-03,"5",0,1,1,84.48,200,3,0,0,0,12,1,29,"31","23",44,"2",1,1,0,11
"125",2017-11-02,2017-10-27,2017-11-04,"6",1,1,1,110,110,5,0,0,0,8,2,18,"24","31",20,"1",1,0,0,6
"126",2017-11-02,2017-10-31,2017-11-03,"5",0,0,1,154,324,16,7,0,1,3,1,38,"25","33",144,"2",1,0,1,2
"129",2017-11-02,2017-10-25,2017-11-03,"5",0,0,1,54.56,208,9,6,0,0,9,1,30,"11","21",8,"2",1,0,1,8
"131",2017-11-02,2017-10-19,2017-11-04,"6",1,0,1,54.56,154,2,0,10,0,16,2,17,"23","29",1,"2",0,0,0,14
"134",2017-11-02,2017-10-22,2017-11-04,"6",1,1,1,68.53,142,3,0,1,0,13,2,11,"18","33",121,"2",1,1,0,11
"138",2017-11-15,2017-11-07,2017-11-17,"5",0,1,1,67.76,145,10,1,0,0,10,2,16,"24","23",1,"2",1,1,0,8
"139",2017-11-15,2017-10-29,2017-11-17,"5",0,1,1,54.56,228,6,1,0,0,19,2,35,"13","23",172,"2",1,1,0,17
"140",2017-11-15,2017-10-27,2017-11-18,"6",1,1,1,84.48,252,4,1,0,0,22,3,5,"1","31",27,"2",1,1,0,19
"141",2017-11-15,2017-11-11,2017-11-21,"2",0,1,1,84.48,212,6,0,30,1,10,6,2,"9","14",1,"2",1,1,0,4
"142",2017-11-15,2017-11-03,2017-11-18,"6",1,0,1,54.56,248,2,0,4,1,15,3,130,"8","10",146,"2",0,0,0,12
"144",2017-11-11,2017-11-02,2017-11-14,"2",0,0,1,83.52,221,6,0,4,1,12,3,50,"33","23",1,"1",1,0,1,9
"145",2017-11-10,2017-11-05,2017-11-14,"2",0,0,1,84.48,197,3,0,0,0,9,4,2,"6","13",1,"1",1,1,1,5
"146",2017-11-10,2017-11-05,2017-11-18,"6",1,0,1,110,264,8,0,0,1,13,8,55,"30","14",146,"2",1,0,1,5
"147",2017-11-10,2017-11-07,2017-11-15,"3",0,0,1,84.48,200,0,6,7,0,8,5,53,"15","11",1,"2",0,0,0,3
"148",2017-11-10,2017-11-04,2017-11-16,"4",0,1,1,54.56,200,0,0,0,0,12,6,1,"14","23",25,"2",1,1,0,6
"149",2017-11-10,2017-11-06,2017-11-13,"1",0,0,1,110,241,0,3,0,0,7,3,42,"9","10",1,"2",0,0,0,4
"151",2017-11-10,2017-11-02,2017-11-17,"5",0,1,1,110,393,3,0,0,1,15,7,50,"7","23",166,"2",1,1,0,8
"152",2017-11-10,2017-11-05,2017-11-15,"3",0,0,1,67.76,192,0,0,43,0,10,5,1,"10","23",1,"2",1,1,1,5
"153",2017-10-31,2017-10-18,2017-11-04,"6",1,1,1,54.56,214,10,7,6,1,17,4,21,"23","17",1,"2",1,1,0,13
"154",2017-11-06,2017-10-31,2017-11-07,"2",0,0,1,84.48,202,9,0,0,1,7,1,20,"3","23",9,"2",0,0,0,6
"155",2017-11-06,2017-10-24,2017-11-08,"3",0,1,1,54.56,189,4,0,16,1,15,2,5,"7","23",31,"2",1,1,0,13
"156",2017-11-06,2017-10-19,2017-11-10,"5",0,1,1,146.85,334,6,0,5,1,22,4,75,"13","23",73,"2",1,0,0,18
"157",2017-11-06,2017-10-31,2017-11-07,"2",0,1,1,67.76,229,6,0,0,0,7,1,18,"9","23",1,"1",1,1,0,6
"158",2017-11-06,2017-10-30,2017-11-07,"2",0,1,1,110,197,12,0,12,1,8,1,16,"13","15",1,"2",1,0,0,7
"159",2017-11-06,2017-10-30,2017-11-11,"6",1,0,1,155.75,228,8,1,5,1,12,5,32,"7","30",27,"2",1,0,1,7
"160",2017-11-06,2017-11-01,2017-11-10,"5",0,1,0,54.56,225,7,0,21,0,9,4,18,"13","23",168,"2",1,1,0,5
"162",2017-11-06,2017-10-27,2017-11-08,"3",0,0,1,84.48,242,4,0,12,0,12,2,2,"10","23",1,"2",0,0,0,10
"163",2017-11-06,2017-10-26,2017-11-18,"6",1,1,1,54.56,185,3,1,5,1,23,12,11,"14","4",27,"2",1,1,0,11
"164",2017-11-06,2017-10-18,2017-11-07,"2",0,0,1,54.56,162,10,0,6,1,20,1,110,"12","12",1,"2",1,0,1,19
"165",2017-11-03,2017-10-18,2017-11-04,"6",1,1,1,67.76,169,6,1,8,0,17,1,15,"21","15",1,"2",1,1,0,16
"166",2017-11-03,2017-10-14,2017-11-18,"6",1,0,1,105.6,189,5,0,3,1,35,15,16,"17","23",148,"2",0,0,0,20
"169",2017-11-03,2017-10-27,2017-11-10,"5",0,1,1,84.48,197,3,0,28,1,14,7,46,"23","23",1,"2",1,1,0,7
"170",2017-11-03,2017-10-30,2017-11-07,"2",0,0,1,54.56,203,5,2,27,1,8,4,2,"20","23",70,"1",1,1,1,4
"171",2017-11-03,2017-10-23,2017-11-06,"1",0,1,1,54.56,179,6,2,0,1,14,3,28,"30","26",114,"2",1,1,0,11
"173",2017-11-03,2017-10-31,2017-11-05,"7",1,0,1,84.48,167,8,1,2,1,5,2,9,"14","12",27,"2",1,1,1,3
"174",2017-11-03,2017-10-22,2017-11-10,"5",0,0,1,110,304,0,0,2,0,19,7,4,"33","33",1,"1",0,0,0,12
"175",2017-11-03,2017-10-31,2017-11-07,"2",0,1,1,54.56,162,2,2,0,1,7,4,17,"11","23",75,"2",1,1,0,3
"177",2017-11-03,2017-10-29,2017-11-08,"3",0,0,1,54.56,170,6,3,0,1,10,5,18,"28","23",64,"2",0,0,0,5
"181",2017-11-08,2017-10-31,2017-11-11,"6",1,0,1,67.76,245,3,0,1,0,11,3,8,"22","23",155,"2",1,1,1,8
"182",2017-11-08,2017-11-04,2017-11-11,"6",1,0,1,67.76,190,12,0,0,1,7,3,38,"11","22",20,"2",1,0,1,4
"183",2017-11-10,2017-11-04,2017-11-11,"6",1,0,0,54.56,261,10,4,0,1,7,1,26,"29","23",94,"2",1,1,1,6
"184",2017-11-10,2017-11-10,2017-11-11,"6",1,1,0,54.56,219,15,4,11,0,1,1,29,"12","10",82,"2",1,0,0,0
"185",2017-11-10,2017-11-04,2017-11-14,"2",0,1,1,84.48,187,22,1,0,1,10,4,98,"13","14",3,"2",1,0,0,6
"186",2017-11-10,2017-10-29,2017-11-11,"6",1,0,1,153.12,242,4,0,0,0,13,1,19,"29","33",23,"2",0,0,0,12
"189",2017-11-10,2017-11-04,2017-11-11,"6",1,1,1,54.56,166,4,0,0,1,7,1,12,"29","23",1,"2",1,1,0,6
"190",2017-11-10,2017-10-27,2017-11-18,"6",1,1,1,67.76,257,2,2,2,1,22,8,33,"30","23",154,"2",1,1,0,14
"191",2017-11-10,2017-11-08,2017-11-14,"2",0,1,1,84.48,129,3,12,0,0,6,4,0,"12","12",1,"2",1,1,0,2
"193",2017-11-15,2017-11-09,2017-11-16,"4",0,1,1,67.76,194,5,2,0,0,7,1,16,"22","22",1,"2",1,1,0,6
"194",2017-11-01,2017-10-23,2017-11-03,"5",0,0,1,84.48,262,6,3,1,1,11,2,48,"12","12",1,"2",1,1,1,9
"197",2017-11-01,2017-10-28,2017-11-03,"5",0,1,1,54.56,146,0,2,13,0,6,2,16,"16","23",114,"2",1,1,0,4
"198",2017-11-01,2017-10-20,2017-11-03,"5",0,1,1,84.48,223,10,3,0,0,14,2,7,"10","23",1,"2",1,1,0,12
"199",2017-11-01,2017-10-20,2017-11-02,"4",0,0,1,67.76,210,0,0,5,0,13,1,41,"30","17",91,"2",0,0,0,12
"200",2017-11-02,2017-10-27,2017-11-04,"6",0,0,1,67.76,156,2,0,4,0,8,2,6,"12","10",1,"1",0,0,0,6
"220",2017-11-13,2017-11-07,2017-11-15,"3",0,1,1,57.56,316,10,0,0,0,8,2,54,"10","11",1,"2",1,1,0,6
"221",2017-11-13,2017-11-08,2017-11-15,"3",0,0,1,85.44,170,5,0,2,0,7,2,3,"29","23",1,"1",0,0,0,5
"222",2017-11-13,2017-11-09,2017-11-16,"4",0,1,1,217.35,336,2,0,4,1,7,3,18,"27","23",171,"2",1,1,0,4
"223",2017-11-13,2017-11-07,2017-11-15,"3",0,1,1,56.32,135,1,0,4,0,8,2,21,"4","11",50,"2",1,1,0,6
"224",2017-11-13,2017-11-03,2017-11-18,"6",1,0,1,56.07,178,5,0,4,1,15,5,11,"28","33",87,"2",0,0,0,10
"225",2017-11-13,2017-11-04,2017-11-18,"6",1,1,1,56.07,166,3,0,2,1,14,5,28,"23","24",75,"2",0,0,0,9
"226",2017-11-13,2017-11-03,2017-11-18,"6",1,0,1,54.56,197,0,0,0,1,15,5,4,"11","23",152,"2",1,1,1,10
"228",2017-11-13,2017-11-09,2017-11-18,"6",1,1,1,69.42,119,3,3,0,1,9,5,2,"3","24",68,"2",1,1,0,4
"229",2017-11-13,2017-10-30,2017-11-15,"3",0,0,1,56.07,273,0,2,2,1,16,2,19,"33","33",1,"2",0,0,0,14
"230",2017-11-13,2017-10-31,2017-11-17,"5",0,1,1,56.07,148,1,1,2,0,17,4,0,"27","23",148,"2",1,1,0,13
"232",2017-11-13,2017-11-07,2017-11-16,"4",0,0,1,56.07,197,3,2,1,0,9,3,2,"9","9",1,"2",0,0,0,6
"233",2017-11-13,2017-11-06,2017-11-15,"3",0,1,1,58.43,340,3,2,0,1,9,2,30,"3","23",110,"2",1,1,0,7
"234",2017-11-13,2017-11-05,2017-11-15,"3",0,1,1,153.12,221,5,0,0,1,10,2,1,"10","17",1,"2",1,1,0,8
"235",2017-11-13,2017-11-07,2017-11-14,"2",0,1,1,149.6,376,10,0,5,0,7,1,3,"24","23",1,"2",1,1,0,6
"236",2017-11-13,2017-11-07,2017-11-15,"3",0,0,1,54.56,383,2,1,16,1,8,2,7,"23","27",1,"2",0,0,0,6
"239",2017-11-13,2017-11-06,2017-11-14,"2",0,0,1,85.44,169,4,0,0,0,8,1,26,"9","14",1,"2",0,0,0,7
"240",2017-11-13,2017-10-31,2017-11-14,"2",0,0,1,72.84,289,8,5,0,0,14,1,29,"17","21",2,"2",1,0,1,13
"241",2017-11-13,2017-11-11,2017-11-14,"2",0,1,1,69.42,230,10,6,7,0,3,1,11,"12","10",31,"2",1,1,0,2
"243",2017-11-17,2017-11-05,2017-11-25,"6",1,1,1,56.07,112,5,0,6,0,20,8,2,"6","17",1,"2",1,0,0,12
"244",2017-11-17,2017-11-05,2017-11-25,"6",1,1,1,59.84,134,1,0,0,1,20,8,3,"7","30",20,"2",1,0,0,12
"245",2017-11-17,2017-10-27,2017-12-02,"6",1,1,1,102.74,243,5,0,1,1,36,15,7,"11","24",101,"2",1,1,0,21
"246",2017-11-17,2017-11-14,2017-11-21,"2",0,0,1,64.28,153,3,0,0,1,7,4,2,"33","33",1,"2",1,1,1,3
"247",2017-11-17,2017-11-09,2017-11-20,"1",0,0,1,54.56,189,0,3,0,0,11,3,38,"11","12",27,"2",1,1,1,8
"248",2017-11-17,2017-11-13,2017-11-20,"1",0,1,1,56.01,182,18,8,18,1,7,3,4,"17","12",1,"2",1,0,0,4
"252",2017-11-17,2017-11-07,2017-11-18,"6",1,1,1,68.53,205,2,4,0,0,11,1,2,"22","25",155,"2",1,0,0,10
"253",2017-11-17,2017-11-11,2017-11-21,"2",0,1,1,68.64,230,0,0,7,1,10,4,21,"17","14",1,"2",1,1,0,6
"254",2017-11-17,2017-11-13,2017-11-21,"2",0,1,1,83.6,325,14,7,0,0,8,4,30,"3","9",1,"2",1,0,0,4
"255",2017-11-17,2017-11-13,2017-11-21,"2",0,1,1,67.76,429,8,0,0,0,8,4,54,"22","33",134,"2",1,1,0,4
"256",2017-11-17,2017-11-13,2017-11-21,"2",0,1,1,112.13,138,7,0,57,1,8,4,2,"11","33",14,"2",1,1,0,4
"257",2017-11-17,2017-11-11,2017-11-22,"3",0,1,1,110.09,242,4,0,0,1,11,5,32,"23","23",1,"2",1,1,0,6
"259",2017-11-17,2017-11-10,2017-11-18,"6",1,1,1,72.84,423,0,2,0,1,8,1,22,"22","12",168,"1",1,1,0,7
"260",2017-11-17,2017-11-15,2017-11-23,"4",0,0,1,68.53,181,3,0,12,0,8,6,24,"22","12",27,"2",1,1,1,2
"262",2017-11-17,2017-11-14,2017-11-21,"2",0,1,1,158.4,334,1,5,30,0,7,4,33,"9","14",1,"1",1,1,0,3
"263",2017-11-17,2017-11-13,2017-11-25,"6",1,1,1,54.56,211,3,0,4,0,12,8,24,"14","12",1,"2",1,1,0,4
"264",2017-11-17,2017-11-09,2017-11-24,"5",0,0,1,78.48,223,8,0,0,0,15,7,30,"23","23",1,"2",0,0,0,8
"265",2017-11-17,2017-11-12,2017-11-20,"1",0,1,1,85.44,146,5,8,0,0,8,3,54,"14","6",1,"2",1,1,0,5
"266",2017-11-17,2017-11-13,2017-11-18,"6",1,1,1,84.48,120,5,0,0,1,5,1,15,"22","22",61,"2",1,1,0,4
"269",2017-11-17,2017-11-15,2017-11-25,"6",1,0,1,117.45,161,12,4,0,0,10,8,24,"30","28",135,"2",1,0,1,2
"270",2017-11-17,2017-11-12,2017-11-21,"2",0,0,1,85.44,179,4,0,0,1,9,4,6,"1","23",75,"1",1,1,1,5
"271",2017-11-17,2017-11-11,2017-11-22,"3",0,1,1,154,224,16,0,0,1,11,5,5,"29","29",1,"2",1,0,0,6
"272",2017-11-17,2017-11-13,2017-11-21,"2",0,1,1,109.12,150,11,2,4,0,8,4,33,"22","23",165,"2",1,1,0,4
"276",2017-05-23,2017-05-16,2017-05-24,"3",0,0,1,56.07,266,9,3,12,1,8,1,41,"12","12",1,"2",1,0,1,7
"277",2017-05-23,2017-05-16,2017-05-23,"2",0,0,1,56.07,239,8,0,0,0,7,0,9,"10","10",1,"2",1,0,1,7
"278",2017-05-23,2017-05-18,2017-05-25,"4",0,1,1,66.75,312,12,12,1,1,7,2,26,"6","6",1,"2",1,1,0,5
"280",2017-05-23,2017-05-16,2017-05-27,"6",1,1,0,56.07,212,5,0,5,1,11,4,7,"5","23",115,"1",1,1,0,7
"281",2017-05-23,2017-05-17,2017-05-25,"4",0,1,1,56.07,231,6,3,2,0,8,2,17,"11","11",1,"2",1,0,0,6
"283",2017-05-23,2017-05-17,2017-05-25,"4",0,1,1,85.44,306,2,0,0,1,8,2,70,"23","23",1,"2",1,1,0,6
"284",2017-05-23,2017-05-18,2017-05-27,"6",1,0,1,56.07,221,2,0,2,0,9,4,17,"25","23",68,"2",0,0,0,5
"285",2017-05-23,2017-05-20,2017-05-23,"2",0,0,0,111.25,108,1,0,0,0,3,0,6,"23","23",1,"2",1,0,1,3
"287",2017-05-23,2017-05-16,2017-05-27,"6",1,0,1,56.07,194,10,5,3,0,11,4,22,"4","12",1,"2",1,1,1,7
"288",2017-05-23,2014-04-07,2017-06-24,"6",1,0,1,56.07,214,0,0,0,1,39,32,12,"17","23",103,"2",1,1,1,1142
"289",2017-05-23,2017-05-16,2017-05-25,"4",0,0,1,56.07,273,14,4,0,1,9,2,53,"6","23",1,"2",1,0,1,7
"291",2017-05-23,2017-05-14,2017-05-27,"6",1,0,1,85.44,151,8,3,0,1,13,4,0,"17","17",1,"2",1,0,1,9
"293",2017-05-23,2017-05-19,2017-05-26,"5",0,1,1,111.25,167,2,0,2,0,7,3,5,"24","23",29,"2",1,1,0,4
"294",2017-05-23,2017-05-16,2017-05-24,"3",0,1,1,56.07,153,4,0,0,0,8,1,2,"10","33",60,"2",1,1,0,7
"295",2017-05-23,2017-05-13,2017-05-26,"5",0,1,1,69.42,279,0,0,2,1,13,3,49,"20","23",114,"1",0,0,0,10
"296",2017-05-23,2017-05-13,2017-05-26,"5",0,1,1,145.07,286,5,0,4,0,13,3,23,"16","23",89,"2",1,1,0,10
"297",2017-05-23,2017-05-15,2017-02-06,"5",0,0,1,56.07,253,12,0,0,1,18,10,12,"7","23",112,"2",1,1,1,8
"299",2017-05-23,2017-05-16,2017-05-27,"6",1,1,1,69.42,256,3,0,0,1,11,4,30,"15","15",1,"2",1,1,0,7
"300",2017-05-23,2017-05-14,2017-05-26,"5",0,1,1,85.44,261,10,4,3,0,12,3,29,"22","23",155,"2",0,0,0,9
"301",2017-05-23,2017-05-18,2017-05-25,"4",0,0,1,56.07,211,3,0,2,0,7,2,10,"29","29",1,"2",1,1,1,5
"302",2017-05-23,2017-05-16,2017-05-27,"6",1,1,1,111.25,183,5,0,8,1,11,4,15,"24","23",1,"2",1,1,0,7
"303",2017-05-23,2017-05-15,2017-05-26,"5",0,0,1,111.25,317,6,0,0,1,11,3,43,"7","23",90,"2",1,0,1,8
"305",2017-05-23,2017-05-20,2017-05-27,"6",1,0,1,128.16,264,4,0,0,1,7,4,23,"33","33",1,"2",1,0,1,3
"306",2017-03-31,2017-03-26,2017-08-04,"6",1,1,0,56.07,151,3,0,0,0,13,8,7,"14","23",92,"2",0,0,0,5
"307",2017-03-31,2017-03-21,2017-01-04,"6",1,0,1,56.07,245,2,0,4,0,11,1,8,"9","11",23,"2",1,1,1,10
"308",2017-03-31,2017-03-23,2017-01-04,"6",1,1,1,56.07,191,13,0,0,0,9,1,147,"1","1",1,"2",1,1,0,8
"310",2017-03-31,2017-03-28,2017-04-04,"2",0,0,1,85.44,239,6,0,0,1,7,4,25,"22","23",155,"2",1,1,1,3
"311",2017-03-31,2017-03-27,2017-01-04,"6",1,1,0,85.44,236,5,0,0,0,5,1,25,"26","26",1,"2",1,1,0,4
"312",2017-03-31,2017-03-27,2017-05-04,"3",0,1,1,56.07,210,0,0,0,1,9,5,32,"15","23",78,"2",0,0,0,4
"314",2017-03-31,2017-02-03,2017-03-04,"1",0,0,1,111.25,245,2,2,8,0,32,3,45,"9","23",1,"2",0,0,0,56
"315",2017-03-31,2017-03-23,2017-07-04,"5",0,1,1,85.44,204,11,4,0,1,15,7,68,"13","14",29,"2",1,1,1,8
"317",2017-03-31,2017-03-13,2017-01-04,"6",0,0,1,111.25,228,2,0,8,0,19,1,26,"7","23",112,"2",1,1,1,18
"320",2017-03-31,2017-03-21,2017-01-04,"6",1,1,1,218.7,221,28,0,0,0,11,1,113,"10","10",1,"2",1,1,0,10
"321",2017-03-31,2017-03-23,2017-04-04,"2",0,0,1,56.07,267,8,3,0,0,12,4,13,"11","11",1,"2",1,0,1,8
"322",2017-03-31,2017-03-27,2017-05-04,"3",0,1,1,85.44,249,0,0,5,1,9,5,57,"1","23",39,"1",1,1,0,4
"323",2017-03-31,2017-03-26,2017-03-04,"1",0,0,1,56.07,227,10,0,0,0,8,3,20,"29","29",1,"2",1,0,1,5
"324",2017-03-31,2017-03-27,2017-01-04,"6",1,1,1,85.44,203,1,0,0,0,5,1,10,"33","33",1,"1",1,1,0,4
"326",2017-03-31,2017-03-22,2017-02-04,"7",1,0,1,85.44,158,17,3,0,0,11,2,34,"9","9",1,"2",1,0,1,9
"327",2017-03-31,2017-03-22,2017-07-04,"5",0,1,0,85.44,309,9,9,3,1,16,7,81,"27","23",83,"2",1,1,0,9
"328",2017-03-31,2017-03-27,2017-04-04,"2",0,0,1,111.25,232,7,0,0,0,8,4,37,"11","23",75,"2",1,0,1,4
"329",2017-03-31,2017-03-26,2017-03-04,"1",0,0,1,69.42,186,0,0,0,0,8,3,11,"9","9",1,"2",0,0,0,5
"330",2017-03-31,2017-03-24,2017-04-04,"2",0,1,1,69.42,339,15,4,6,0,11,4,46,"17","17",1,"2",1,1,0,7
"332",2017-03-31,2017-03-24,2017-07-04,"5",0,0,1,69.42,206,3,2,5,1,14,7,43,"13","22",27,"2",1,0,1,7
"339",2017-03-31,2017-03-26,2017-08-04,"6",1,1,1,56.07,119,14,0,0,1,13,8,12,"4","3",82,"2",1,1,0,5
"341",2017-03-31,2017-03-27,2017-04-04,"2",0,0,1,69.42,175,6,0,0,0,8,4,23,"12","12",1,"2",1,0,1,4
"342",2017-03-31,2017-03-26,2017-03-04,"1",0,0,1,56.07,230,8,3,6,0,8,3,46,"11","23",75,"2",1,0,1,5
"344",2017-03-31,2017-03-24,2017-07-04,"5",0,1,1,162,265,8,8,5,1,14,7,67,"27","23",83,"2",1,1,0,7
"346",2017-02-16,2017-02-14,2017-02-17,"5",0,0,1,56.07,159,0,0,0,0,3,1,24,"23","23",1,"2",0,0,0,2
"347",2017-02-16,2017-10-02,2017-02-17,"5",0,1,1,68.53,231,10,8,0,0,7,1,35,"1","14",1,"2",1,1,0,-228
"348",2017-02-16,2017-10-02,2017-02-18,"6",1,1,1,68.53,186,2,0,0,0,8,2,38,"3","3",1,"2",1,1,0,-228
"349",2017-02-16,2017-12-02,2017-02-18,"6",1,0,1,68.53,187,8,0,0,0,6,2,27,"9","23",92,"2",1,1,1,-289
"350",2017-02-16,2017-12-02,2017-02-23,"4",0,0,1,56.07,151,6,0,0,1,11,7,10,"33","33",1,"2",1,1,1,-289
"352",2017-02-16,2017-11-02,2017-02-18,"6",1,1,1,56.07,188,6,1,0,0,7,2,11,"12","12",1,"2",1,1,0,-259
"353",2017-02-16,2017-07-02,2017-02-18,"6",1,1,1,111.25,283,6,5,8,1,11,2,25,"9","33",30,"2",1,1,0,-136
"354",2017-02-16,2017-01-30,2017-02-17,"5",0,0,1,56.07,273,2,2,6,0,18,1,42,"7","23",1,"2",1,1,1,17
"355",2017-02-16,2017-12-02,2017-02-17,"5",0,1,1,56.07,161,6,0,0,0,5,1,32,"7","23",1,"2",1,0,0,-289
"356",2017-02-16,2017-09-02,2017-02-17,"5",0,0,1,68.53,220,10,0,0,0,8,1,27,"11","11",1,"2",1,0,1,-198
"360",2017-02-16,2017-12-02,2017-02-18,"6",1,0,1,56.07,252,6,4,8,0,6,2,47,"17","23",147,"2",1,1,1,-289
"362",2017-02-16,2017-05-02,2017-02-19,"7",1,1,1,68.53,285,13,4,7,0,14,3,58,"13","13",1,"2",1,1,0,-75
"366",2017-02-16,2017-09-02,2017-02-18,"6",1,1,1,56.07,198,6,3,8,0,9,2,43,"9","9",1,"2",1,1,0,-198
"368",2017-02-16,2017-11-02,2017-02-21,"2",0,1,1,85.44,203,3,0,0,0,10,5,21,"28","28",1,"2",1,1,0,-259
"370",2017-02-16,2017-10-02,2017-02-18,"6",1,0,1,56.07,137,12,0,0,1,8,2,12,"22","23",155,"2",1,0,1,-228
"371",2017-02-16,2017-11-02,2017-02-18,"6",1,0,1,56.07,128,5,0,0,0,7,2,15,"8","8",1,"2",0,0,0,-259
"372",2017-02-16,2017-10-02,2017-02-18,"6",1,0,1,111.25,181,5,0,0,0,8,2,34,"29","29",1,"2",0,0,0,-228
"373",2017-02-16,2017-03-02,2017-02-17,"5",0,0,1,56.07,301,8,5,4,0,14,1,56,"30","14",2,"2",1,0,1,-14
"375",2017-02-16,2017-05-02,2017-02-17,"5",0,1,1,85.44,156,2,0,0,0,12,1,10,"9","9",1,"2",1,1,0,-75
"376",2017-02-16,2017-02-13,2017-02-18,"6",1,0,1,85.44,187,0,0,0,1,5,2,27,"23","23",1,"1",0,0,0,3
"377",2017-02-22,2017-02-17,2017-02-24,"5",0,1,1,56.07,202,7,0,6,0,7,2,32,"6","6",1,"2",1,0,0,5
"378",2017-02-22,2017-02-16,2017-02-24,"5",0,0,1,56.07,181,3,0,7,0,8,2,23,"22","23",155,"2",1,1,1,6
"380",2017-02-22,2017-02-15,2017-02-23,"4",0,0,1,56.07,168,3,2,0,0,8,1,15,"28","23",59,"2",0,0,0,7
"382",2017-02-22,2017-02-19,2017-02-25,"6",1,1,1,85.44,292,9,0,0,0,6,3,35,"3","23",118,"2",1,1,0,3
"385",2017-02-22,2017-02-14,2017-02-24,"5",0,0,1,56.07,169,3,0,2,0,10,2,17,"23","23",1,"2",1,0,1,8
"386",2017-02-22,2017-02-16,2017-02-25,"6",0,1,1,68.53,186,4,3,6,1,9,3,11,"23","23",1,"2",1,1,0,6
"387",2017-02-22,2017-02-20,2017-02-25,"6",1,0,1,159.3,214,7,4,2,0,5,3,9,"22","23",155,"2",1,0,1,2
"390",2017-02-22,2017-02-14,2017-02-25,"6",1,0,0,68.53,204,13,0,0,0,11,3,112,"17","17",1,"2",1,0,1,8
"391",2017-02-22,2017-02-14,2017-02-25,"6",1,1,1,85.44,247,3,0,0,0,11,3,58,"1","23",76,"2",1,1,0,8
"392",2017-02-22,2017-02-15,2017-02-23,"4",0,0,1,85.44,172,2,0,0,0,8,1,31,"29","23",23,"2",0,0,0,7
"393",2017-02-22,2017-02-15,2017-02-25,"6",1,1,1,159.3,361,8,0,0,1,10,3,110,"15","23",33,"2",1,1,0,7
"394",2017-02-22,2017-11-02,2017-02-25,"6",1,1,1,85.44,186,11,0,0,1,14,3,33,"4","14",152,"2",1,1,0,-253
"400",2017-02-22,2017-02-19,2017-02-24,"5",0,0,1,145.07,175,3,0,0,0,5,2,130,"25","23",126,"2",1,0,1,3
"402",2017-02-22,2017-02-17,2017-02-24,"5",0,1,1,68.53,205,7,0,0,0,7,2,28,"11","23",75,"2",1,1,0,5
"403",2017-02-22,2017-08-02,2017-02-25,"6",1,0,1,153.97,390,6,4,11,0,17,3,54,"9","23",76,"2",1,0,1,-161
"408",2017-02-22,2017-02-20,2017-02-28,"2",0,0,1,85.44,233,10,0,0,0,8,6,41,"6","6",1,"2",1,0,1,2
"410",2017-02-22,2017-12-02,2017-02-25,"6",1,0,1,85.44,218,7,0,2,1,13,3,31,"17","17",1,"2",0,0,0,-283
"413",2017-02-22,2017-02-16,2017-02-24,"5",0,0,1,85.44,223,0,0,5,1,8,2,34,"23","23",1,"2",0,0,0,6
"414",2017-02-22,2017-08-02,2017-02-25,"6",1,1,1,110.36,283,4,3,8,0,17,3,68,"30","29",113,"2",1,1,0,-161
"416",2017-02-22,2017-02-18,2017-02-25,"6",1,0,1,85.44,220,2,0,0,1,7,3,25,"18","23",13,"2",1,1,1,4
"417",2017-02-22,2017-02-16,2017-02-25,"6",1,0,1,56.07,224,0,0,0,1,9,3,58,"4","23",122,"2",0,0,0,6
"418",2017-02-22,2017-02-18,2017-02-24,"5",0,1,1,85.44,212,4,3,4,0,6,2,29,"9","24",1,"2",1,1,0,4
"420",2017-03-15,2017-08-03,2017-03-17,"5",0,1,1,56.07,260,7,0,0,1,9,2,54,"27","23",76,"2",1,1,0,-141
"421",2017-03-15,2017-04-03,2017-03-18,"6",1,1,1,56.07,250,10,0,0,0,14,3,40,"12","12",1,"2",1,0,0,-19
"422",2017-03-15,2017-11-03,2017-03-16,"4",0,1,1,56.07,160,0,0,6,0,5,1,20,"24","24",1,"2",0,0,0,-233
"423",2017-03-15,2017-06-03,2017-03-18,"6",1,0,1,56.07,160,1,0,0,1,12,3,16,"1","24",17,"2",0,0,0,-80
"424",2017-03-15,2017-10-03,2017-03-16,"4",0,1,1,56.07,231,8,3,4,0,6,1,5,"16","28",141,"2",1,0,0,-202
"425",2017-03-15,2017-06-03,2017-03-18,"6",1,0,0,56.07,210,9,0,0,0,12,3,22,"17","17",1,"2",1,0,1,-80
"426",2017-03-15,2017-11-03,2017-03-21,"2",0,1,1,111.25,255,4,0,1,1,10,6,20,"23","23",1,"2",1,1,0,-233
"429",2017-03-15,2017-09-03,2017-03-18,"6",1,1,1,68.53,220,5,4,4,0,9,3,35,"18","17",152,"2",1,1,0,-172
"430",2017-03-15,2017-12-03,2017-03-17,"5",0,0,1,68.53,204,3,2,0,0,5,2,15,"11","23",75,"2",1,1,1,-263
"431",2017-03-15,2017-08-03,2017-03-17,"5",0,0,1,68.53,288,10,0,0,0,9,2,48,"24","24",1,"2",1,0,1,-141
"432",2017-03-15,2017-08-03,2017-03-18,"6",0,1,1,218.7,227,9,0,0,0,10,3,16,"22","14",141,"2",1,0,0,-141
"434",2017-03-15,2017-11-03,2017-03-17,"5",0,0,1,434.7,270,5,0,0,0,6,2,29,"29","29",1,"2",1,1,1,-233
"435",2017-03-15,2017-09-03,2017-03-17,"5",0,0,1,56.07,246,6,1,1,0,8,2,18,"11","23",75,"2",1,0,1,-172
"436",2017-03-15,2017-12-03,2017-03-17,"5",0,0,1,56.07,224,13,0,0,0,5,2,0,"29","29",175,"2",1,0,1,-263
"437",2017-03-15,2017-11-03,2017-03-23,"4",0,0,1,56.07,225,3,0,1,1,12,8,28,"9","23",137,"2",1,1,1,-233
"438",2017-03-15,2017-02-23,2017-03-17,"5",0,1,1,56.07,254,12,0,0,1,22,2,31,"7","23",1,"2",1,0,0,20
"439",2017-03-15,2017-10-03,2017-03-17,"5",0,0,1,56.07,216,5,0,0,0,7,2,17,"6","6",1,"2",1,1,1,-202
"441",2017-03-15,2017-10-03,2017-03-18,"6",1,1,1,56.07,223,4,0,0,1,8,3,33,"17","17",1,"2",1,1,0,-202
"442",2017-03-15,2017-09-03,2017-03-16,"4",0,1,1,56.07,157,1,0,0,0,7,1,7,"11","23",75,"2",1,1,0,-172
"445",2017-03-15,2017-10-03,2017-03-17,"5",0,1,1,56.07,195,1,0,0,0,7,2,22,"29","29",1,"2",1,1,0,-202
"446",2017-03-15,2017-08-03,2017-03-20,"1",0,1,1,68.53,278,5,1,2,1,12,5,54,"24","24",1,"2",1,1,0,-141
"447",2017-03-15,2017-11-03,2017-03-17,"5",0,1,1,68.53,167,13,1,2,1,6,2,7,"30","23",85,"2",1,1,0,-233
"449",2017-03-15,2017-07-03,2017-03-17,"5",0,1,1,56.07,254,16,4,0,0,10,2,14,"25","33",138,"2",1,1,0,-110
"451",2017-03-15,2017-11-03,2017-03-16,"4",0,1,1,85.44,138,1,0,0,1,5,1,19,"23","23",1,"2",1,1,0,-233
"452",2017-03-15,2017-10-03,2017-03-17,"5",0,0,1,56.07,194,5,0,1,0,7,2,10,"24","24",1,"2",1,0,1,-202
"453",2017-03-15,2017-08-03,2017-03-18,"6",1,0,1,111.25,259,11,1,0,1,10,3,44,"30","30",1,"2",1,0,1,-141
"454",2017-03-15,2017-11-03,2017-03-22,"3",0,0,1,111.25,214,12,3,0,0,11,7,4,"11","23",75,"2",1,0,1,-233
"458",2017-03-15,2017-11-03,2017-03-15,"3",0,1,1,111.25,172,3,1,0,0,4,0,14,"12","3",58,"2",1,1,0,-233
"461",2017-03-15,2017-03-03,2017-03-18,"6",1,1,0,56.07,290,5,0,1,1,15,3,32,"15","15",1,"2",1,1,0,12
"463",2017-03-15,2017-05-03,2017-03-18,"6",1,0,0,56.07,132,3,0,0,0,13,3,20,"14","9",1,"2",1,1,1,-49
"464",2017-03-15,2017-09-03,2017-03-18,"6",1,1,1,56.07,268,4,0,1,1,9,3,37,"18","17",26,"2",1,0,0,-172
"465",2017-03-15,2017-10-03,2017-03-18,"6",1,0,1,56.07,203,9,2,3,0,8,3,4,"29","29",1,"2",1,0,1,-202
"466",2017-03-15,2017-04-03,2017-03-17,"5",0,0,1,85.44,179,6,3,0,1,13,2,15,"6","6",1,"2",1,1,1,-19
"468",2017-03-15,2017-06-03,2017-03-18,"6",1,1,1,56.07,164,3,3,0,0,12,3,14,"30","17",142,"2",1,1,0,-80
"469",2017-03-15,2017-10-03,2017-03-18,"6",1,1,1,68.53,234,19,0,0,1,8,3,12,"12","23",139,"2",1,1,0,-202
"472",2017-10-03,2017-02-28,2017-11-03,"6",1,1,0,56.07,190,3,0,0,0,11,1,12,"14","14",1,"2",1,1,0,217
"473",2017-10-03,2017-05-03,2017-11-03,"6",1,0,1,56.07,185,5,0,0,0,6,1,12,"10","23",1,"2",1,1,1,153
"474",2017-10-03,2017-02-28,2017-11-03,"6",1,0,1,56.07,275,5,5,0,1,11,1,28,"17","23",67,"2",1,0,1,217
"477",2017-10-03,2017-06-03,2017-03-18,"6",1,1,1,56.07,240,4,0,4,1,12,8,27,"15","23",1,"2",1,1,0,122
"478",2017-10-03,2017-06-03,2017-03-14,"2",0,0,1,56.07,243,0,0,0,0,8,4,25,"24","23",17,"2",0,0,0,122
"479",2017-10-03,2017-02-23,2017-10-03,"5",0,0,1,56.07,230,4,0,0,0,15,0,34,"14","14",1,"2",1,1,1,222
"481",2017-10-03,2017-05-03,2017-03-14,"2",0,0,1,160.65,242,3,1,0,0,9,4,27,"23","23",1,"2",1,0,1,153
"482",2017-10-03,2017-03-03,2017-03-17,"5",0,1,1,218.7,234,7,7,1,0,14,7,6,"20","23",97,"2",1,1,0,214
"484",2017-10-03,2017-05-03,2017-03-14,"2",0,1,1,56.07,203,4,0,0,0,9,4,14,"12","12",1,"2",1,1,0,153
"487",2017-10-03,2017-07-03,2017-11-03,"6",0,0,1,56.07,220,6,1,1,0,4,1,23,"17","17",1,"2",1,1,1,92
"488",2017-10-03,2017-04-03,2017-11-03,"6",0,1,1,56.07,210,0,0,0,0,7,1,40,"26","2",126,"2",0,1,0,183
"489",2017-10-03,2017-05-03,2017-03-14,"2",0,1,1,56.07,250,16,12,0,0,9,4,35,"12","12",1,"2",1,1,0,153
"491",2017-10-03,2017-05-03,2017-03-13,"1",0,1,1,68.53,133,4,0,2,0,8,3,8,"28","28",1,"2",1,1,0,153
"492",2017-10-03,2017-02-21,2017-03-17,"5",0,1,1,85.44,271,0,0,11,1,24,7,29,"14","9",1,"2",0,0,0,224
"493",2017-10-03,2017-03-03,2017-03-18,"6",1,1,0,68.53,253,13,0,0,1,15,8,53,"9","9",1,"2",1,1,0,214
"494",2017-10-03,2017-02-25,2017-11-03,"6",1,0,1,85.44,209,1,0,0,0,14,1,39,"1","24",161,"1",1,1,1,220
"495",2017-10-03,2017-04-03,2017-03-17,"5",0,1,1,128.16,528,16,2,5,1,13,7,117,"13","23",114,"2",1,1,0,183
"497",2017-10-03,2017-07-03,2017-03-15,"3",0,0,1,111.25,252,10,0,0,0,8,5,17,"29","29",1,"2",1,1,1,92
"500",2017-10-03,2017-07-03,2017-03-18,"6",1,1,1,68.53,270,6,6,4,1,11,8,8,"18","17",120,"2",1,1,0,92
"501",2017-10-03,2017-02-28,2017-03-18,"6",1,1,1,68.53,302,0,0,6,1,18,8,59,"30","23",156,"2",0,0,0,217
"502",2017-10-03,2017-03-03,2017-11-03,"6",1,1,1,68.53,213,5,0,5,0,8,1,13,"24","24",1,"2",1,1,0,214
"504",2017-10-03,2017-07-03,2017-03-18,"6",1,0,1,85.44,340,28,5,0,1,11,8,43,"23","23",142,"2",1,0,1,92
"505",2017-10-03,2017-04-03,2017-11-03,"6",1,1,1,111.25,380,6,0,6,0,7,1,60,"32","33",152,"2",1,1,0,183
"506",2017-03-28,2017-03-23,2017-01-04,"4",0,1,1,56.07,203,3,0,0,1,9,4,11,"31","23",83,"2",1,1,0,5
"507",2017-03-28,2017-03-23,2017-03-30,"4",0,0,1,56.07,176,4,4,0,0,7,2,11,"11","11",1,"2",1,1,1,5
"508",2017-03-28,2017-03-21,2017-01-04,"6",1,0,1,56.07,230,1,0,0,1,11,4,21,"4","23",142,"2",1,1,1,7
"511",2017-03-28,2017-03-17,2017-01-04,"6",1,0,1,154.86,368,10,10,1,1,15,4,43,"30","23",135,"2",1,0,1,11
"512",2017-03-28,2017-03-19,2017-01-04,"6",1,1,0,56.07,191,1,0,0,0,13,4,13,"15","23",32,"2",1,1,0,9
"513",2017-03-28,2017-03-23,2017-03-31,"5",0,0,0,56.07,261,8,8,0,0,8,3,37,"17","23",114,"2",1,0,1,5
"515",2017-03-28,2017-03-20,2017-01-04,"6",1,1,1,160.65,270,7,0,3,1,12,4,40,"3","22",20,"2",1,1,0,8
"516",2017-03-28,2017-03-22,2017-03-29,"3",0,0,0,56.07,153,1,0,0,0,7,1,10,"24","24",1,"2",0,0,0,6
"519",2017-03-28,2017-03-23,2017-03-31,"5",0,0,1,56.07,221,4,3,4,0,8,3,16,"11","23",75,"2",1,1,1,5
"520",2017-03-28,2017-03-21,2017-03-31,"5",0,0,1,111.25,238,26,0,0,0,10,3,28,"11","23",75,"2",1,0,1,7
"524",2017-03-28,2017-03-15,2017-03-30,"4",0,0,1,56.07,172,1,0,0,0,15,2,13,"23","23",1,"2",1,1,1,13
"526",2017-03-28,2017-03-19,2017-01-04,"6",1,0,1,145.96,209,1,0,0,1,13,4,12,"30","23",87,"1",0,0,0,9
"528",2017-03-28,2017-03-17,2017-01-04,"6",1,1,1,85.44,221,0,0,0,1,15,4,7,"14","10",1,"2",0,0,0,11
"531",2017-03-28,2017-03-22,2017-03-31,"5",0,1,1,56.07,251,4,0,0,0,9,3,42,"33","33",1,"2",1,1,0,6
"532",2017-03-28,2017-03-24,2017-01-04,"6",1,1,1,85.44,162,13,0,0,1,8,4,30,"3","23",1,"2",1,1,0,4
"533",2017-03-28,2017-03-21,2017-01-04,"6",1,0,1,85.44,350,4,0,0,1,11,4,51,"18","17",120,"2",1,1,1,7
"534",2017-03-28,2017-03-15,2017-03-31,"5",0,1,1,85.44,224,5,3,0,1,16,3,58,"13","23",114,"2",1,1,0,13
"535",2017-03-28,2017-03-21,2017-01-04,"6",1,1,1,85.44,280,0,0,0,1,11,4,33,"23","23",102,"2",0,0,0,7
"536",2017-03-28,2017-03-21,2017-03-30,"4",0,1,1,85.44,102,2,0,0,0,9,2,7,"11","23",75,"2",1,1,0,7
"539",2017-03-28,2017-03-25,2017-03-31,"5",0,0,1,56.07,180,9,2,2,1,6,3,25,"27","23",99,"2",1,1,1,3
"540",2017-05-24,2017-05-15,2017-05-27,"6",1,1,1,56.07,264,3,0,0,1,12,3,18,"18","17",82,"2",1,1,0,9
"541",2017-05-24,2017-05-17,2017-05-25,"4",0,0,1,56.07,210,3,0,3,0,8,1,36,"11","23",75,"2",1,1,1,7
"545",2017-05-24,2017-05-17,2017-05-26,"5",0,1,1,68.53,210,1,0,0,0,9,2,13,"16","11",10,"2",1,0,0,7
"546",2017-05-24,2017-05-16,2017-05-25,"4",0,0,1,68.53,251,7,7,7,0,9,1,28,"29","29",1,"2",1,1,1,8
"549",2017-05-24,2017-05-14,2017-05-27,"6",1,1,0,56.07,204,4,0,0,0,13,3,18,"9","33",38,"2",1,1,0,10
"551",2017-05-24,2017-05-17,2017-05-26,"5",0,0,1,85.44,211,2,0,2,0,9,2,35,"6","23",63,"2",1,1,1,7
"552",2017-05-24,2017-05-21,2017-05-27,"6",1,1,1,56.07,223,5,0,0,1,6,3,19,"16","23",53,"2",1,1,0,3
"553",2017-05-24,2017-05-15,2017-01-06,"4",0,1,1,56.07,214,2,0,0,1,17,8,56,"27","23",101,"2",1,1,0,9
"554",2017-05-24,2017-05-16,2017-05-27,"6",1,0,1,68.53,161,7,0,0,1,11,3,4,"23","23",1,"2",1,1,1,8
"556",2017-05-24,2017-06-05,2017-02-06,"5",0,0,1,56.07,236,0,0,0,1,27,9,42,"14","10",1,"2",0,0,0,-12
"559",2017-05-24,2017-05-14,2017-05-27,"6",1,1,1,85.44,230,1,0,2,0,13,3,30,"17","17",1,"1",1,1,0,10
"560",2017-05-24,2017-05-13,2017-05-27,"6",1,1,0,56.07,202,7,0,0,0,14,3,11,"15","15",1,"2",1,0,0,11
"563",2017-05-24,2017-05-15,2017-05-26,"5",0,0,1,56.07,231,3,0,0,1,11,2,28,"18","23",1,"2",1,1,1,9
"565",2017-05-24,2017-05-18,2017-03-06,"6",1,0,1,85.44,378,2,0,0,1,16,10,30,"9","23",135,"2",1,1,1,6
"567",2017-05-24,2017-05-14,2017-05-26,"5",0,1,1,56.07,280,0,0,0,1,12,2,56,"20","23",128,"1",0,0,0,10
"569",2017-05-24,2017-05-14,2017-05-27,"6",1,1,1,56.07,242,7,4,1,1,13,3,31,"9","23",135,"2",1,1,0,10
"570",2017-05-24,2017-05-20,2017-05-26,"5",0,1,1,56.07,160,6,2,0,0,6,2,20,"11","23",75,"2",1,1,0,4
"572",2017-03-20,2017-10-03,2017-03-25,"6",1,0,1,85.44,223,9,3,5,1,15,5,42,"4","4",1,"2",1,0,1,-197
"573",2017-03-20,2017-03-15,2017-03-23,"4",0,0,1,146.85,294,6,0,4,0,8,3,29,"3","8",27,"2",1,0,1,5
"574",2017-03-20,2017-03-14,2017-03-21,"2",0,0,1,56.07,180,6,2,6,0,7,1,13,"32","29",1,"2",1,1,1,6
"575",2017-03-20,2011-11-03,2017-03-25,"6",1,0,1,111.25,308,1,0,0,1,17,5,40,"18","23",10,"2",0,0,0,1964
"577",2017-03-20,2017-03-13,2017-03-22,"3",0,1,1,56.07,220,4,0,0,0,9,2,22,"8","23",154,"2",1,0,0,7
"580",2017-03-20,2017-03-16,2017-03-24,"5",0,0,1,217.35,156,0,0,0,0,8,4,8,"12","23",18,"2",0,0,0,4
"582",2017-03-20,2017-03-13,2017-03-22,"3",0,0,1,217.35,289,5,0,0,0,9,2,22,"23","23",1,"2",1,0,1,7
"583",2017-03-20,2017-03-14,2017-03-22,"3",0,1,1,56.07,210,2,2,0,0,8,2,13,"29","29",1,"2",1,1,0,6
"584",2017-03-20,2017-03-15,2017-03-24,"5",0,1,1,68.53,184,1,0,4,1,9,4,30,"17","17",1,"2",1,1,0,5
"588",2017-03-20,2017-03-15,2017-03-23,"4",0,1,1,85.44,182,6,6,2,0,8,3,7,"11","23",75,"2",1,1,0,5
"590",2017-03-20,2017-03-15,2017-03-22,"3",0,1,1,56.07,220,4,0,0,1,7,2,16,"11","23",75,"2",1,1,0,5
"591",2017-03-20,2017-11-03,2017-03-21,"2",0,1,1,111.25,306,6,0,0,0,10,1,23,"23","23",1,"2",1,1,0,-228
"592",2017-03-20,2017-03-13,2017-03-27,"1",0,0,1,111.25,288,7,7,8,1,14,7,28,"7","13",157,"2",1,1,1,7
"594",2017-05-31,2017-05-24,2017-02-06,"5",0,0,1,56.07,160,2,0,0,0,9,2,8,"3","21",8,"2",0,0,0,7
"595",2017-05-31,2017-05-20,2017-02-06,"5",0,1,0,68.53,230,12,5,0,0,13,2,50,"13","13",1,"2",1,0,0,11
"596",2017-05-31,2017-05-19,2017-03-06,"6",1,0,1,68.53,221,4,0,0,0,15,3,31,"30","23",136,"2",1,1,1,12
"597",2017-05-31,2017-05-25,2017-02-06,"5",0,1,1,85.44,340,3,3,16,1,8,2,27,"29","23",35,"1",1,1,0,6
"598",2017-05-31,2017-05-23,2017-03-06,"6",1,0,1,129.05,211,7,0,0,0,11,3,21,"33","23",111,"2",0,0,0,8
"599",2017-05-31,2017-05-18,2017-03-06,"6",1,0,1,56.07,130,2,0,0,0,16,3,6,"12","14",166,"2",1,1,1,13
"600",2017-05-31,2017-05-23,2017-02-06,"5",0,1,1,111.25,165,3,0,0,0,10,2,20,"17","17",1,"1",1,1,0,8
"601",2017-05-31,2017-05-26,2017-02-06,"5",0,1,1,111.25,243,5,5,4,0,7,2,24,"22","8",1,"2",1,1,0,5
"602",2017-05-31,2017-05-26,2017-02-06,"5",0,1,1,56.07,231,0,0,8,0,7,2,10,"29","23",35,"2",0,0,0,5
"603",2017-05-31,2017-05-24,2017-02-06,"5",0,1,1,68.53,163,3,0,0,0,9,2,14,"11","23",75,"1",1,1,0,7
"606",2017-05-31,2017-05-22,2017-03-06,"6",1,0,0,56.07,203,0,0,0,1,12,3,38,"3","23",135,"2",1,1,1,9
"607",2017-05-31,2017-05-26,2017-03-06,"6",1,0,1,85.44,250,4,4,3,0,8,3,22,"11","11",1,"2",1,0,1,5
"608",2017-05-31,2017-05-26,2017-02-06,"5",0,1,1,85.44,154,3,0,0,0,7,2,24,"29","29",1,"2",1,1,0,5
"610",2017-05-31,2017-05-24,2017-02-06,"5",0,0,1,56.07,201,2,2,0,0,9,2,5,"29","29",1,"2",1,0,1,7
"613",2017-05-31,2017-05-26,2017-05-06,"1",0,1,1,85.44,330,10,8,0,1,10,5,66,"27","13",49,"2",1,1,0,5
"614",2017-05-31,2017-05-19,2017-03-06,"6",1,0,1,85.44,217,3,0,0,0,15,3,49,"20","23",114,"2",1,1,1,12
"615",2017-05-31,2017-05-27,2017-02-06,"5",0,1,1,111.25,340,13,0,2,0,6,2,52,"25","33",10,"2",1,1,0,4
"616",2017-05-31,2017-05-26,2017-02-06,"5",0,1,1,56.07,170,7,0,0,0,7,2,5,"29","29",35,"2",1,1,0,5
"617",2017-05-31,2017-05-25,2017-03-06,"6",1,0,1,85.44,350,0,0,6,1,9,3,69,"4","23",108,"2",0,0,0,6
"620",2017-05-31,2017-11-05,2017-10-06,"6",1,1,1,85.44,401,6,5,0,1,30,10,62,"14","14",1,"2",1,1,0,-158
"624",2017-05-31,2017-05-28,2017-03-06,"6",1,1,1,56.07,115,4,0,0,1,6,3,27,"18","23",13,"2",1,1,0,3
"625",2017-05-31,2017-05-24,2017-02-06,"5",0,1,1,68.53,153,2,0,0,1,9,2,4,"13","23",76,"2",1,1,0,7
"628",2017-05-31,2017-05-27,2017-02-06,"5",0,0,1,68.53,126,8,0,0,0,6,2,6,"29","23",1,"2",1,1,1,4
"629",2017-05-31,2017-05-23,2017-09-06,"5",0,0,1,155.75,255,5,0,0,0,17,9,12,"30","14",167,"2",1,1,1,8
"631",2017-05-31,2017-05-26,2017-02-06,"5",0,1,1,68.53,210,7,7,0,0,7,2,11,"11","24",172,"2",1,0,0,5
"632",2017-05-31,2017-05-25,2017-07-06,"3",0,1,1,155.75,384,1,0,0,0,13,7,74,"23","23",61,"2",1,1,0,6
"633",2017-05-31,2017-05-25,2017-02-06,"5",0,1,1,217.35,240,6,3,0,0,8,2,15,"11","23",75,"2",1,0,0,6
"636",2017-02-24,2017-02-20,2017-02-28,"2",0,0,1,68.53,218,6,0,0,0,8,4,7,"29","29",1,"2",1,1,1,4
"637",2017-02-24,2017-02-21,2017-02-28,"2",0,1,1,111.25,293,5,0,0,1,7,4,19,"11","11",1,"2",1,1,0,3
"638",2017-02-24,2017-01-24,2017-02-03,"4",0,0,1,160.65,294,5,0,0,0,37,6,26,"11","23",1,"2",1,0,0,31
"641",2017-02-24,2017-02-21,2017-02-25,"6",1,0,1,56.07,281,6,3,0,0,4,1,21,"10","10",1,"2",1,0,1,3
"642",2017-02-24,2017-02-17,2017-03-15,"5",0,1,1,111.25,156,3,0,0,0,26,19,15,"22","23",165,"2",1,1,0,7
"643",2017-02-24,2017-02-18,2017-01-03,"3",0,0,1,111.25,284,8,3,0,0,11,5,22,"1","1",1,"2",1,1,1,6
"644",2017-02-24,2017-12-02,2017-02-03,"4",0,1,1,56.07,272,8,0,0,1,18,6,35,"20","20",1,"2",1,1,0,-281
"646",2017-02-24,2017-02-17,2017-03-03,"5",0,1,1,217.35,121,0,0,0,0,14,7,4,"32","23",1,"2",0,0,0,7
"647",2017-02-24,2017-02-19,2017-01-03,"3",0,1,1,56.07,144,4,0,0,0,10,5,5,"11","23",75,"2",1,1,0,5
"650",2017-02-24,2017-02-18,2017-02-28,"2",0,0,1,85.44,329,3,0,0,0,10,4,24,"24","24",1,"1",1,1,1,6
"651",2017-02-24,2017-02-21,2017-04-03,"6",1,1,1,217.35,223,17,0,0,0,11,8,58,"25","23",70,"2",1,1,0,3
"656",2017-02-24,2017-12-02,2017-02-24,"5",0,0,1,85.44,267,3,0,0,0,12,0,30,"7","14",39,"2",1,1,1,-281
"657",2017-02-24,2017-02-19,2017-02-28,"2",0,0,1,56.07,176,6,0,0,0,9,4,5,"29","29",1,"2",1,0,1,5
"658",2017-02-24,2017-09-02,2017-02-25,"6",1,0,1,85.44,74,11,2,0,0,16,1,30,"9","14",1,"2",1,0,1,-190
"666",2017-02-24,2017-02-21,2017-02-28,"2",0,0,1,155.75,472,13,5,11,1,7,4,78,"24","11",1,"2",1,0,1,3
"668",2017-02-24,2017-02-19,2017-02-25,"5",0,1,1,85.44,274,9,0,0,0,6,1,24,"3","23",50,"2",1,1,0,5
"669",2017-02-24,2017-02-16,2017-02-28,"2",0,0,1,147.74,166,3,1,0,1,12,4,11,"11","23",75,"2",1,1,1,8
"670",2017-02-24,2017-10-02,2017-02-25,"5",0,1,1,56.07,229,12,7,6,0,15,1,74,"1","24",141,"2",1,0,0,-220
"671",2017-02-24,2017-10-02,2017-02-28,"2",0,1,1,56.07,156,4,0,0,0,18,4,13,"17","23",84,"2",1,1,0,-220
"672",2017-02-24,2017-02-17,2017-02-25,"5",0,1,1,56.07,204,15,0,0,0,8,1,36,"33","33",1,"2",1,0,0,7
"674",2017-08-02,2017-04-02,2017-02-18,"6",1,0,1,56.07,267,7,2,0,1,14,10,18,"14","14",1,"2",1,1,1,122
"675",2017-08-02,2017-03-02,2017-10-02,"5",0,0,1,56.07,206,12,0,0,0,7,2,11,"22","11",1,"2",1,0,1,153
"676",2017-08-02,2017-03-02,2017-10-02,"5",0,0,1,56.07,199,2,0,0,0,7,2,26,"11","23",75,"2",1,1,1,153
"677",2017-08-02,2017-03-02,2017-10-02,"5",0,1,1,68.53,167,4,0,0,0,7,2,12,"11","11",1,"2",1,1,0,153
"678",2017-08-02,2017-01-31,2017-09-02,"4",0,1,1,56.07,169,8,2,0,0,9,1,12,"22","23",1,"2",1,1,0,183
"679",2017-08-02,2017-02-02,2017-10-02,"5",0,0,1,68.53,203,6,0,0,1,8,2,18,"23","21",1,"2",1,1,1,181
"680",2017-08-02,2017-01-30,2017-11-02,"6",1,1,1,68.53,227,2,0,0,1,12,3,18,"15","23",14,"2",1,1,0,184
"681",2017-08-02,2017-03-02,2017-10-02,"5",0,1,1,85.44,194,8,0,0,0,7,2,18,"24","24",1,"2",1,1,0,153
"682",2017-08-02,2017-03-02,2017-11-02,"6",1,1,1,56.07,151,4,0,0,0,8,3,21,"15","23",14,"2",1,1,0,153
"683",2017-08-02,2017-01-02,2017-10-02,"5",0,0,1,56.07,245,3,1,0,1,9,2,48,"17","17",1,"2",1,0,1,212
"684",2017-08-02,2017-06-02,2017-11-02,"6",1,0,1,85.44,238,0,0,0,1,5,3,12,"21","21",1,"2",0,0,0,61
"686",2017-08-02,2017-01-30,2017-11-02,"6",1,1,1,56.07,126,5,0,0,0,12,3,19,"15","23",58,"2",1,1,0,184
"687",2017-08-02,2017-01-02,2017-11-02,"6",1,1,1,56.07,241,3,0,0,1,10,3,10,"17","17",1,"1",1,1,0,212
"689",2017-08-02,2017-04-02,2017-02-18,"6",1,1,1,111.25,173,8,0,0,1,14,10,16,"30","28",141,"2",1,1,0,122
"690",2017-08-02,2017-02-02,2017-10-02,"5",0,1,0,56.07,247,2,0,0,1,8,2,9,"23","23",1,"2",1,1,0,181
"692",2017-08-02,2017-04-02,2017-11-02,"6",1,0,1,111.25,256,9,0,0,1,7,3,19,"15","23",14,"2",1,0,1,122
"693",2017-08-02,2017-05-02,2017-10-02,"5",0,0,1,217.35,131,0,0,5,0,5,2,19,"28","23",53,"2",0,0,0,92
"697",2017-08-02,2017-01-30,2017-10-02,"5",0,0,1,56.07,246,9,0,0,0,11,2,103,"27","23",111,"2",1,0,1,184
"702",2017-08-02,2017-01-22,2017-11-02,"6",1,0,1,56.07,186,3,0,0,0,20,3,31,"18","18",1,"2",0,0,0,192
"704",2017-08-02,2017-05-02,2017-10-02,"5",0,1,1,85.44,184,4,0,0,0,5,2,17,"22","23",35,"2",1,1,0,92
"707",2017-08-02,2017-01-29,2017-10-02,"5",0,0,1,85.44,241,0,0,0,1,12,2,39,"17","23",75,"1",0,0,0,185
"708",2017-08-02,2017-01-19,2017-10-02,"5",0,1,1,85.44,319,10,3,0,0,22,2,26,"14","10",1,"2",1,1,0,195
"709",2017-04-07,2017-04-04,2017-10-04,"1",0,1,1,55.44,117,3,1,12,0,3,6,3,"24","24",1,"1",1,1,0,3
"710",2017-04-07,2017-03-28,2017-08-04,"6",1,1,0,64.8,201,0,0,18,1,10,11,1,"15","23",31,"2",0,0,0,10
"711",2017-04-07,2017-11-04,2017-05-04,"2",0,1,1,55.44,134,0,0,19,1,-4,-6,-2,"29","23",1,"1",1,1,0,-211
"712",2017-04-07,2017-04-04,2017-08-04,"6",1,0,1,109.12,370,4,0,7,1,3,4,1,"29","23",23,"2",1,1,1,3
"713",2017-04-07,2017-02-04,2017-11-04,"2",0,1,1,112.64,325,4,3,54,1,5,9,4,"29","29",1,"2",1,0,0,62
"717",2017-04-07,2017-01-04,2017-08-04,"6",1,1,1,55.18,134,0,0,13,0,6,7,1,"24","21",150,"2",0,0,0,93
"718",2017-04-07,2017-02-04,2017-12-04,"3",0,1,1,57.6,213,2,0,10,1,5,10,5,"11","23",64,"2",1,1,0,62
"720",2017-04-06,2017-03-28,2017-08-04,"6",1,1,0,64.8,201,0,0,32,1,9,11,2,"15","23",31,"2",0,0,0,9
"721",2017-04-06,2017-01-04,2017-07-04,"5",0,1,1,55.18,216,0,0,8,0,5,6,1,"32","33",1,"1",0,0,0,92
"722",2017-04-06,2017-03-25,2017-07-04,"5",0,1,1,55.18,147,3,0,8,0,12,13,1,"13","23",88,"1",1,1,0,12
"723",2017-04-06,2017-01-04,2017-08-04,"6",1,1,1,110,355,1,0,12,1,5,7,2,"11","23",46,"2",1,1,0,92
"724",2017-04-06,2017-04-04,2017-04-13,"4",0,0,1,110,388,4,0,20,1,2,9,7,"17","23",148,"2",1,1,1,2
"728",2017-04-06,2017-03-23,2017-08-04,"6",1,1,1,56.32,194,6,0,47,1,14,16,2,"14","14",1,"2",1,1,0,14
"729",2017-04-06,2017-03-29,2017-04-17,"1",0,1,1,56.32,396,5,0,26,1,8,19,11,"20","23",152,"2",1,1,0,8
"730",2017-04-06,2017-03-26,2017-08-04,"6",1,0,1,56.32,317,7,3,47,0,11,13,2,"14","10",1,"2",1,0,1,11
"731",2017-04-06,2017-01-04,2017-07-04,"5",0,0,1,83.6,398,10,4,25,0,5,6,1,"12","12",1,"2",1,1,1,92
"732",2017-04-06,2017-03-31,2017-10-04,"7",1,0,1,83.6,153,0,0,7,0,6,10,4,"14","10",1,"2",0,0,0,6
"733",2017-04-06,2017-03-23,2017-11-04,"1",0,0,1,83.6,142,0,0,12,0,14,19,5,"28","24",170,"2",0,0,0,14
"734",2017-04-06,2017-01-04,2017-08-04,"6",1,0,1,438.4,401,2,0,16,0,5,7,2,"29","23",1,"2",1,1,1,92
"736",2017-04-06,2017-03-04,2017-11-04,"1",0,0,1,64.08,169,6,2,28,0,3,8,5,"22","23",169,"2",1,1,1,33
"737",2017-04-06,2017-04-30,2017-07-04,"5",0,1,1,56.32,302,4,0,16,0,-24,-23,1,"13","12",27,"1",1,1,0,-24
"741",2017-04-06,2017-03-31,2017-04-13,"3",0,0,1,82.99,338,9,0,58,1,6,13,7,"3","23",152,"2",1,1,1,6
"742",2017-04-06,2017-03-29,2017-08-04,"6",1,1,1,111.25,177,2,0,16,0,8,10,2,"24","23",1,"2",1,1,0,8
"745",2017-05-08,2017-04-30,2017-11-05,"4",0,0,1,56.32,100,3,0,22,1,8,11,3,"27","23",10,"2",0,0,0,8
"746",2017-05-08,2017-04-27,2017-12-05,"5",0,1,1,56.32,124,2,0,46,1,11,15,4,"13","23",93,"1",1,1,0,11
"748",2017-05-08,2017-04-26,2017-11-05,"4",0,1,1,69.42,383,4,0,56,0,12,15,3,"27","23",78,"2",1,1,0,12
"749",2017-05-08,2017-03-05,2017-12-05,"5",0,0,1,110.36,158,4,0,31,0,5,9,4,"22","23",169,"2",1,0,1,64
"750",2017-05-08,2017-01-05,2017-10-05,"3",0,0,1,69.42,423,0,0,21,0,7,9,2,"17","23",148,"2",0,0,0,123
"751",2017-05-08,2017-04-29,2017-11-05,"4",0,1,1,69.42,120,10,0,21,1,9,12,3,"17","17",1,"2",1,1,0,9
"752",2017-05-08,2017-04-28,2017-11-05,"4",0,0,1,84.48,429,8,0,31,0,10,13,3,"30","28",91,"2",1,0,1,10
"753",2017-05-08,2017-04-30,2017-05-13,"6",1,0,1,84.48,261,1,0,20,1,8,13,5,"15","23",31,"2",1,1,1,8
"754",2017-05-08,2017-01-05,2017-11-05,"4",0,0,1,56.32,399,2,0,30,1,7,10,3,"22","17",154,"2",1,1,1,123
"755",2017-05-08,2017-04-30,2017-09-05,"2",0,0,1,112.5,304,5,0,29,0,8,9,1,"11","23",42,"2",1,0,1,8
"756",2017-05-08,2017-01-05,2017-10-05,"3",0,1,1,56.32,294,5,0,24,0,7,9,2,"16","17",1,"2",1,1,0,123
"758",2017-05-08,2017-01-05,2017-09-05,"2",0,0,1,56.32,156,1,0,25,0,7,8,1,"12","23",9,"2",1,1,1,123
"760",2017-05-08,2017-04-27,2017-05-13,"6",1,0,0,56.32,109,14,0,47,0,11,16,5,"7","23",112,"2",1,1,1,11
"761",2017-05-08,2017-03-05,2017-10-05,"3",0,0,1,56.32,206,7,1,18,0,5,7,2,"12","12",1,"2",1,0,1,64
"762",2017-05-08,2017-04-30,2017-09-05,"2",0,0,1,153.12,377,0,0,28,1,8,9,1,"9","23",148,"2",1,0,1,8
"764",2017-05-08,2017-04-05,2017-12-05,"5",0,0,1,85.44,428,3,0,40,0,4,8,4,"29","23",23,"2",1,1,1,33
"767",2017-04-08,2017-05-04,2017-11-04,"4",0,1,1,56.32,207,6,0,25,0,3,6,3,"29","23",23,"2",1,1,0,-26
"773",2017-04-07,2017-03-28,2017-08-04,"6",1,1,1,56.32,134,7,0,9,0,10,11,1,"5","23",123,"1",1,1,0,10
"776",2017-04-07,2017-04-04,2017-04-13,"4",0,0,1,110,194,4,0,20,1,3,9,6,"17","22",1,"2",1,1,1,3
"778",2017-04-07,2017-04-04,2017-04-13,"4",0,1,1,56.32,285,6,0,15,0,3,9,6,"29","29",1,"2",1,1,0,3
"784",2017-04-07,2017-02-04,2017-08-04,"6",1,0,1,56.32,201,5,3,24,0,5,6,1,"14","14",1,"2",1,0,1,62
"786",2017-04-07,2017-03-04,2017-10-04,"7",1,1,1,68.64,223,0,0,47,0,4,7,3,"13","24",50,"2",0,0,0,34
"787",2017-04-07,2017-03-26,2017-08-04,"6",1,1,1,68.64,445,6,2,36,0,12,13,1,"33","23",41,"1",1,1,0,12
"792",2017-04-27,2017-04-20,2017-04-29,"6",1,1,1,109.8,271,2,0,10,0,7,9,2,"18","17",152,"2",1,1,0,7
"794",2017-04-27,2017-04-20,2017-04-28,"5",0,0,1,56.32,132,2,2,11,0,7,8,1,"15","24",114,"2",0,0,0,7
"795",2017-04-27,2017-04-21,2017-04-28,"5",0,1,1,56.32,301,9,0,9,0,6,7,1,"11","11",1,"2",1,1,0,6
"796",2017-04-27,2017-04-21,2017-04-27,"4",0,0,0,56.32,236,5,0,13,1,6,6,0,"27","23",137,"2",1,1,1,6
"797",2017-04-27,2017-04-24,2017-02-05,"2",0,0,1,110,421,6,0,28,0,3,8,5,"22","23",134,"1",1,1,1,3
"799",2017-04-27,2017-04-17,2017-04-27,"4",0,1,1,110,151,2,0,11,0,10,10,0,"3","24",54,"2",1,1,0,10
"800",2017-04-27,2917-04-18,2017-04-30,"7",1,0,1,110,326,8,0,24,0,5,8,3,"9","23",91,"2",1,1,1,-328709
"801",2017-04-27,2017-04-22,2017-01-05,"1",0,1,1,126.72,235,9,2,36,1,5,9,4,"32","33",78,"1",1,1,0,5
"802",2017-04-27,2017-04-25,2017-01-05,"1",0,0,1,110,159,12,2,13,1,2,6,4,"6","6",1,"2",1,0,1,2
"803",2017-04-27,2017-04-21,2017-02-05,"2",0,0,1,56.32,265,5,1,27,1,6,11,5,"21","21",1,"2",1,1,1,6
"804",2017-04-27,2017-04-19,2017-04-28,"5",0,0,1,56.32,262,1,0,13,0,8,9,1,"22","23",134,"1",0,0,0,8
"805",2017-04-27,2017-04-17,2017-04-29,"6",1,1,1,56.32,273,5,0,14,1,10,12,2,"18","18",1,"2",1,1,0,10
"806",2017-04-27,2017-04-17,2017-04-28,"5",0,1,0,56.32,201,6,0,41,0,10,11,1,"13","33",44,"2",1,1,0,10
"807",2017-04-27,2017-04-24,2017-04-29,"6",1,0,1,56.32,249,6,1,2,0,3,5,2,"22","14",47,"2",1,1,1,3
"810",2017-04-27,2017-04-22,2017-06-05,"6",1,1,1,110,392,8,4,29,1,5,14,9,"30","23",156,"1",1,1,0,5
"811",2017-04-27,2017-04-17,2017-04-27,"4",0,0,1,72.16,109,5,0,67,0,10,10,0,"13","13",1,"1",1,0,1,10
"813",2017-05-18,2017-11-05,2017-05-20,"6",1,1,1,56.32,139,1,0,43,1,7,9,2,"15","17",173,"2",1,1,0,-171
"814",2017-05-18,2017-11-05,2017-05-20,"6",1,1,0,66.88,185,4,0,26,0,7,9,2,"17","17",1,"2",1,1,0,-171
"818",2017-05-18,2017-08-05,2017-05-20,"6",1,0,1,110,436,5,0,1,0,10,12,2,"14","12",1,"2",1,0,1,-79
"825",2017-05-18,2017-10-05,2017-05-19,"5",0,0,1,127.6,243,12,0,3,0,8,9,1,"17","17",1,"2",1,0,1,-140
"827",2017-05-18,2017-07-05,2017-05-20,"6",1,1,1,154,302,30,0,24,0,11,13,2,"28","23",75,"2",1,1,0,-48
"828",2017-05-18,2017-05-13,2017-05-19,"5",0,0,1,154,151,10,0,16,0,5,6,1,"17","23",74,"2",1,0,1,5
"829",2017-05-18,2017-05-13,2017-05-26,"5",0,0,1,154,424,8,0,26,1,5,13,8,"30","23",127,"2",1,1,0,5
"830",2017-05-18,2017-11-05,2017-05-18,"4",0,0,1,56.32,109,0,0,8,1,7,7,0,"9","23",91,"2",0,0,0,-171
"831",2017-05-18,2017-05-13,2017-05-20,"6",1,1,1,84.48,456,5,0,7,0,5,7,2,"17","23",148,"2",1,1,0,5
"832",2017-05-18,2017-08-05,2017-05-26,"5",0,0,1,56.32,233,11,0,57,1,10,18,8,"17","23",148,"2",1,0,1,-79
"833",2017-05-18,2013-05-13,2017-05-23,"2",0,1,1,56.32,262,6,0,10,0,18,10,5,"8","23",87,"2",1,1,0,1466
"835",2017-05-18,2017-05-14,2017-05-20,"6",1,0,1,216,103,10,1,3,0,4,6,2,"15","23",31,"2",1,0,1,4
"836",2017-05-18,2017-05-13,2017-05-20,"6",1,1,1,110,141,4,0,13,0,5,7,2,"22","23",134,"2",1,1,0,5
"837",2017-05-18,2017-04-05,2017-05-20,"6",1,0,1,77.44,150,6,0,43,0,14,16,2,"14","23",104,"2",1,0,1,43
"838",2017-05-18,2017-05-13,2017-05-23,"2",0,1,1,110,423,2,0,16,0,5,10,5,"11","23",37,"2",1,0,0,5
"840",2017-05-18,2017-11-05,2017-05-20,"6",1,0,1,56.32,169,9,0,10,0,7,9,2,"17","23",148,"2",1,0,1,-171
"841",2017-05-18,2017-05-13,2017-05-23,"2",0,0,1,56.32,221,2,0,20,0,5,10,5,"12","12",1,"2",1,1,1,5
"847",2017-05-18,2017-08-05,2017-05-20,"6",1,1,1,85.44,255,8,4,43,1,10,12,2,"3","33",2,"2",1,1,0,-79
"849",2017-05-18,2017-05-13,2017-05-20,"6",1,1,1,56.32,214,18,0,15,0,5,7,2,"22","11",37,"2",1,0,0,5
"850",2017-05-11,2017-04-29,2017-05-13,"6",1,0,1,84.48,172,3,0,17,1,12,14,2,"14","10",23,"2",0,0,0,12
"851",2017-05-11,2017-04-29,2017-12-05,"5",0,1,1,84.48,223,4,0,33,0,12,13,1,"14","14",1,"2",1,1,0,12
"854",2017-05-11,2017-02-05,2017-12-05,"5",0,1,1,158.4,323,9,0,61,0,9,10,1,"26","26",1,"2",1,1,0,95
"857",2017-05-11,2017-07-05,2017-05-16,"2",0,1,0,110,205,5,1,47,0,4,9,5,"23","14",1,"2",1,1,0,-55
"858",2017-05-11,2017-04-05,2017-05-20,"6",1,0,1,56.32,150,6,0,43,0,7,16,9,"14","23",104,"2",1,0,1,36
"864",2017-05-11,2017-08-05,2017-05-13,"6",0,1,1,56.32,325,2,0,20,0,3,5,2,"11","23",75,"1",1,1,0,-86
"865",2017-05-11,2017-08-05,2017-12-05,"5",0,1,1,56.32,122,11,0,16,0,3,4,1,"16","11",1,"2",1,1,0,-86
"867",2017-05-11,2017-04-05,2017-11-05,"4",0,1,1,110,176,8,0,29,0,7,7,0,"9","9",1,"2",1,1,0,36
"871",2017-05-11,2017-02-05,2017-05-13,"6",1,0,0,66.68,172,3,0,7,0,9,11,2,"30","23",127,"2",1,1,1,95
"872",2017-05-11,2017-07-05,2017-11-05,"4",0,0,1,56.32,133,18,0,17,0,4,4,0,"10","10",1,"2",1,0,1,-55
"873",2017-05-11,2017-04-30,2017-11-05,"4",0,1,1,56.32,180,6,0,4,0,11,11,0,"22","23",134,"1",0,0,0,11
"876",2017-05-11,2017-01-05,2017-05-19,"5",0,0,1,84.48,129,4,1,15,0,10,18,8,"22","23",155,"2",1,1,1,126
"877",2017-05-11,2017-05-05,2017-12-05,"5",0,1,1,84.48,288,5,0,57,0,6,7,1,"11","11",1,"2",1,1,0,6
"878",2017-05-11,2017-03-05,2017-05-13,"6",1,1,1,158.4,428,6,0,31,0,8,10,2,"22","23",74,"2",1,1,0,67
"879",2017-05-11,2017-06-05,2017-05-13,"6",1,0,1,218.7,402,12,2,18,0,5,7,2,"17","9",1,"2",1,0,1,-25
"880",2017-05-11,2017-06-05,2017-12-05,"5",0,0,1,66.88,131,0,0,10,0,5,6,1,"29","29",1,"2",0,0,0,-25
"881",2017-05-11,2017-06-05,2017-05-13,"6",1,1,1,56.32,228,7,0,32,0,5,7,2,"9","9",1,"2",1,1,0,-25
"882",2017-05-11,2017-06-05,2017-05-13,"6",1,1,1,56.32,284,0,0,38,0,5,7,2,"9","9",1,"2",1,1,0,-25
"883",2017-05-11,2017-06-05,2017-05-13,"6",1,1,1,56.32,195,2,1,21,0,5,7,2,"5","33",165,"2",1,1,0,-25
"884",2017-05-11,2017-04-05,2017-05-13,"6",1,0,0,56.32,231,6,0,17,0,7,9,2,"29","23",23,"2",1,1,1,36
"887",2017-05-16,2017-11-05,2017-05-19,"5",0,1,1,56.32,148,2,0,7,0,5,8,3,"11","17",1,"2",1,1,0,-173
"888",2017-05-16,2017-06-05,2017-05-17,"3",0,1,1,56.32,203,10,0,7,0,10,11,1,"24","24",1,"2",1,0,0,-20
"891",2017-05-16,2017-09-05,2017-05-19,"5",0,0,1,84.48,259,9,1,67,1,7,10,3,"27","13",87,"2",1,0,1,-112
"892",2017-05-16,2017-08-05,2017-05-18,"4",0,1,1,68.64,310,6,0,17,1,8,10,2,"13","13",1,"1",1,1,0,-81
"893",2017-05-16,2017-09-05,2017-05-18,"4",0,1,1,68.64,301,2,0,23,1,7,9,2,"23","23",1,"2",1,1,0,-112
"894",2017-05-16,2017-11-05,2017-05-19,"5",0,1,0,84.48,293,4,0,13,0,5,8,3,"33","33",1,"2",1,1,0,-173
"895",2017-05-16,2017-07-05,2017-05-20,"6",1,1,1,84.48,316,9,0,26,1,9,13,4,"17","23",148,"2",1,1,0,-50
"896",2017-05-16,2017-02-05,2017-05-20,"6",1,0,1,217.08,210,11,1,9,1,14,18,4,"14","14",1,"2",1,0,1,100
"897",2017-05-16,2017-12-05,2017-05-19,"5",0,0,1,68.64,451,3,0,18,0,4,7,3,"22","23",37,"1",1,1,1,-203
"899",2017-05-16,2017-05-14,2017-05-20,"6",1,0,1,216,103,10,1,3,1,2,6,4,"15","23",31,"2",1,0,1,2
"900",2017-05-16,2017-09-05,2017-05-19,"5",0,1,0,84.48,230,10,0,19,1,7,10,3,"13","23",68,"2",1,1,0,-112
"902",2017-05-16,2017-12-05,2017-05-19,"5",0,1,1,56.32,161,4,0,22,1,4,7,3,"27","23",79,"1",1,1,0,-203
"903",2017-05-16,2017-12-05,2017-05-22,"1",0,1,1,110,304,4,0,18,1,4,10,6,"11","24",156,"2",1,1,0,-203
"904",2017-05-16,2017-10-05,2017-05-19,"5",0,0,1,127.6,243,12,0,3,1,6,9,3,"17","17",1,"2",1,0,1,-142
"905",2017-05-10,2017-04-29,2017-05-13,"6",1,0,1,56.32,129,0,0,30,1,11,14,3,"33","33",1,"2",0,0,0,11
"906",2017-05-10,2017-01-05,2017-11-05,"5",0,1,0,56.32,111,6,0,32,1,9,10,1,"4","9",168,"2",1,0,0,125
"907",2017-05-10,2017-04-27,2017-05-13,"7",1,0,1,56.32,146,8,0,42,1,13,16,3,"14","14",1,"2",1,1,1,13
"908",2017-05-10,2017-04-29,2017-12-05,"6",1,1,1,56.32,210,5,0,9,1,11,13,2,"22","23",169,"2",1,1,0,11
"909",2017-05-10,2017-04-05,2017-12-05,"5",0,0,1,85.44,250,3,0,40,1,6,8,2,"29","23",23,"1",1,1,1,35
"910",2017-05-10,2017-06-05,2017-12-05,"5",0,1,1,84.48,184,5,0,6,1,4,6,2,"22","23",134,"1",1,1,0,-26
"911",2017-05-10,2017-04-28,2017-11-05,"4",0,0,1,84.48,229,8,0,31,1,12,13,1,"30","23",152,"2",1,0,1,12
"912",2017-05-10,2017-04-30,2017-05-13,"6",1,0,1,84.48,261,1,0,20,1,10,13,3,"15","23",31,"2",1,1,1,10
"913",2017-05-10,2017-02-05,2017-10-05,"3",0,1,0,68.64,145,3,0,12,1,8,8,0,"24","23",1,"2",1,1,0,94
"914",2017-05-10,2017-05-05,2017-05-13,"6",1,0,1,154,301,4,0,27,1,5,8,3,"29","23",23,"1",1,0,1,5
"917",2017-05-10,2017-06-05,2017-05-13,"6",1,0,1,56.32,185,2,0,30,1,4,7,3,"33","23",74,"2",0,0,0,-26
"918",2017-05-10,2017-02-05,2017-05-20,"6",1,0,1,217.08,210,11,1,9,1,8,18,10,"14","14",1,"2",1,0,1,94
"919",2017-05-10,2017-03-05,2017-12-05,"5",0,0,0,56.32,193,8,0,11,1,7,9,2,"11","23",37,"2",1,1,1,66
"920",2017-05-10,2017-04-05,2017-05-13,"6",1,1,1,84.48,373,5,0,17,1,6,9,3,"17","17",1,"1",1,1,0,35
"921",2017-05-10,2017-01-05,2017-05-20,"6",1,1,1,86.64,199,2,0,23,1,9,19,10,"14","12",1,"2",1,1,0,125
"924",2017-05-10,2017-07-05,2017-05-13,"6",1,1,1,218.7,331,5,0,13,1,3,6,3,"9","9",1,"2",1,1,0,-56
"925",2017-05-10,2017-02-05,2017-12-05,"5",0,0,1,68.64,431,14,0,41,1,8,10,2,"27","27",1,"2",1,0,1,94
"926",2017-05-10,2017-03-05,2017-05-17,"5",0,0,1,56.32,165,4,2,27,1,7,14,7,"7","23",106,"2",1,0,1,66
"928",2017-05-10,2017-04-27,2017-12-05,"5",0,1,1,56.32,169,19,1,14,1,13,15,2,"7","23",1,"2",1,1,0,13
"929",2017-05-10,2017-06-05,2017-05-13,"6",1,1,1,68.64,106,1,0,29,1,4,7,3,"9","23",156,"2",1,1,0,-26
"931",2017-05-10,2017-06-05,2017-05-15,"1",0,0,1,68.64,417,3,0,19,1,4,9,5,"12","12",1,"2",1,1,1,-26
"932",2017-05-10,2017-04-05,2017-12-05,"5",0,1,1,68.64,134,13,0,17,1,6,8,2,"22","23",134,"2",1,1,0,35
"934",2017-05-10,2017-04-23,2017-05-13,"6",1,0,1,68.64,277,6,0,15,1,17,20,3,"14","33",12,"2",1,1,1,17
"936",2017-05-10,2017-04-05,2017-05-13,"6",1,1,1,110,386,4,0,30,1,6,9,3,"17","23",73,"2",1,1,0,35
"937",2017-05-10,2017-03-05,2017-11-05,"4",0,1,1,154,143,6,0,24,1,7,8,1,"22","23",134,"2",1,0,0,66
"938",2017-05-30,2017-05-25,2017-03-06,"6",1,1,0,56.32,117,3,0,18,1,5,9,4,"17","23",148,"2",1,1,0,5
"941",2017-05-30,2017-05-19,2017-01-06,"4",0,0,1,56.32,175,10,0,57,1,11,13,2,"13","23",68,"2",1,1,1,11
"942",2017-05-30,2017-05-20,2017-02-05,"5",0,0,1,110,251,8,0,4,1,10,-18,-28,"29","23",23,"1",1,0,1,10
"944",2017-05-30,2017-05-24,2017-01-06,"4",0,1,1,86.24,340,5,0,12,1,6,8,2,"11","23",37,"2",1,0,0,6
"947",2017-05-30,2017-05-25,2017-06-06,"6",1,1,1,56.32,136,3,0,10,1,5,12,7,"11","23",147,"2",1,1,0,5
"948",2017-05-30,2017-05-20,2017-02-06,"5",0,1,1,110,383,7,0,30,1,10,13,3,"14","14",1,"2",1,0,0,10
"949",2017-05-30,2017-05-21,2017-05-31,"3",0,0,1,110,186,4,0,18,1,9,10,1,"29","23",23,"2",1,1,1,9
"951",2017-05-30,2017-05-22,2017-02-06,"5",0,1,1,84.48,126,5,0,28,1,8,11,3,"13","23",58,"2",1,1,0,8
"954",2017-05-30,2017-02-25,2017-02-06,"5",0,0,1,56.32,376,9,0,28,1,94,97,3,"22","23",155,"2",1,1,1,94
"955",2017-05-30,2017-05-22,2017-02-06,"5",0,0,1,84.48,169,2,0,33,1,8,11,3,"30","23",127,"2",1,1,1,8
"958",2017-05-30,2017-05-25,2017-09-06,"5",0,1,1,56.32,109,4,0,14,1,5,15,10,"8","14",75,"2",1,1,0,5
"959",2017-05-30,2017-05-25,2017-03-06,"6",1,1,0,110,271,4,0,35,1,5,9,4,"31","31",1,"2",1,1,0,5
"961",2017-05-30,2017-05-16,2017-03-06,"6",1,0,1,84.48,201,5,0,48,1,14,18,4,"30","23",127,"2",1,1,1,14
"963",2017-05-30,2017-05-18,2017-02-06,"5",0,0,1,68.64,342,8,0,35,1,12,15,3,"30","30",1,"2",1,1,1,12
"964",2017-05-30,2017-05-23,2017-05-31,"3",0,1,1,56.32,172,3,0,12,1,7,8,1,"23","23",1,"2",0,0,0,7
"965",2017-05-30,2017-11-05,2017-03-06,"6",1,1,0,56.32,174,7,1,10,1,19,23,4,"14","22",27,"2",1,1,0,-159
"967",2017-05-30,2017-05-26,2017-01-06,"2",0,0,1,56.32,204,6,0,7,1,4,6,2,"28","28",1,"2",0,0,0,4
"968",2017-05-30,2017-05-23,2017-03-06,"6",1,1,1,84.48,192,5,0,7,1,7,11,4,"3","23",95,"2",1,1,0,7
"970",2017-05-03,2017-04-26,2017-05-05,"5",0,1,1,217.08,349,10,0,26,1,7,9,2,"33","33",1,"2",1,1,0,7
"973",2017-05-03,2017-04-27,2017-05-05,"5",0,0,1,68.64,242,2,1,19,1,6,8,2,"23","23",1,"2",0,0,0,6
"974",2017-05-03,2017-04-29,2017-05-05,"5",0,1,1,86.24,367,8,0,22,1,4,6,2,"24","24",1,"2",1,1,0,4
"975",2017-05-03,2017-04-27,2017-06-05,"6",0,1,1,86.24,342,7,0,6,1,6,9,3,"9","25",167,"2",1,1,0,6
"976",2017-05-03,2017-04-23,2017-04-05,"4",1,1,1,86.24,349,8,2,72,1,10,11,1,"27","13",66,"2",1,1,0,10
"977",2017-05-03,2017-04-29,2017-05-05,"5",0,0,1,86.24,173,9,2,57,1,4,6,2,"27","23",99,"2",1,0,1,4
"978",2017-05-03,2017-04-30,2017-09-05,"2",0,0,1,158.4,328,3,0,22,1,3,9,6,"12","23",10,"2",1,1,1,3
"979",2017-05-03,2017-04-26,2017-04-05,"4",1,1,1,110,227,4,0,23,1,7,8,1,"24","23",10,"2",1,1,0,7
"980",2017-05-03,2017-04-28,2017-05-05,"5",0,1,1,56.32,170,0,0,7,1,5,7,2,"11","23",37,"1",1,1,0,5
"982",2017-05-03,2017-04-28,2017-05-05,"5",0,1,1,56.32,112,3,0,13,1,5,7,2,"22","23",134,"1",0,0,0,5
"983",2017-05-03,2017-04-28,2017-06-05,"6",0,0,1,61.6,271,7,0,36,1,5,8,3,"31","23",38,"2",1,0,1,5
"984",2017-05-03,2017-04-25,2017-04-05,"4",1,1,0,64.28,224,10,0,19,1,8,9,1,"11","13",1,"2",1,0,0,8
"989",2017-05-03,2017-01-05,2017-10-05,"3",0,1,1,140.8,216,3,0,11,1,2,9,7,"15","23",172,"2",1,1,0,118
"990",2017-05-03,2017-04-22,2017-06-05,"6",1,0,1,56.32,138,5,0,31,1,11,14,3,"9","23",107,"2",1,1,1,11
"991",2017-05-03,2017-04-23,2017-04-05,"4",0,1,1,56.32,183,3,0,54,1,10,11,1,"27","23",79,"1",1,1,0,10
"992",2017-05-03,2017-01-05,2017-09-05,"2",0,1,1,56.32,182,3,0,0,1,2,8,6,"28","23",21,"2",1,1,0,118
"995",2017-11-08,2017-10-27,2017-11-11,"6",1,0,1,83.6,293,4,0,7,1,15,3,8,"31","31",1,"2",1,1,1,12
"997",2017-11-08,2017-10-24,2017-11-09,"4",0,1,1,83.6,171,4,0,0,1,16,1,33,"32","32",1,"2",1,0,0,15
"999",2017-02-15,2017-02-11,2017-02-18,"6",1,1,1,110.48,177,5,3,2,1,7,3,15,"28","28",1,"2",1,1,0,4
"1000",2017-02-15,2017-12-06,2017-02-17,"5",0,1,1,88.24,156,0,0,1,1,-292,2,22,"24","21",151,"2",0,0,0,-294
"1001",2017-02-15,2017-02-10,2017-02-16,"4",0,0,1,84.78,220,0,0,0,1,6,1,12,"29","11",20,"2",0,0,0,5
"1002",2017-02-15,2017-01-31,2017-02-18,"6",1,1,1,109.1,340,5,0,0,1,18,3,30,"30","24",51,"1",1,1,0,15
"1003",2017-02-15,2017-02-14,2017-02-16,"4",0,1,1,113.4,116,3,3,7,1,2,1,16,"23","23",34,"2",1,1,0,1
"1004",2017-02-15,2017-02-03,2017-02-17,"5",0,0,1,86.72,280,8,4,3,1,14,2,19,"14","14",1,"2",1,0,1,12
"1005",2017-02-15,2017-02-12,2017-02-18,"6",1,1,1,104.66,275,4,0,0,1,6,3,16,"33","33",1,"2",1,0,0,3
"1006",2017-02-15,2017-02-09,2017-02-19,"7",1,0,1,104.66,278,3,0,0,1,10,4,24,"7","23",94,"2",1,1,1,6
"1007",2017-02-15,2017-02-10,2017-02-17,"5",0,1,1,104.66,190,12,1,0,1,7,2,19,"17","11",1,"2",1,1,0,5
"1009",2017-02-15,2017-02-10,2017-02-17,"5",0,0,1,112,234,6,1,1,1,7,2,15,"11","14",1,"2",1,1,1,5
"1011",2017-02-15,2017-02-06,2017-02-24,"5",0,0,0,116.22,330,9,0,2,1,18,9,33,"7","23",1,"2",1,0,1,9
"1012",2017-02-15,2017-02-13,2017-02-18,"6",1,1,1,118.44,348,0,0,8,1,5,3,26,"9","23",92,"2",0,0,0,2
"1013",2017-02-15,2017-01-31,2017-02-18,"6",1,0,0,104.68,245,5,0,1,1,18,3,31,"30","23",108,"2",1,1,1,15
"1014",2017-02-15,2017-02-06,2017-02-18,"6",1,1,1,108.34,192,9,0,0,1,12,3,16,"1","23",1,"2",1,1,0,9
"1016",2017-02-15,2017-02-07,2017-02-18,"6",1,0,1,104.64,148,10,2,2,1,11,3,16,"27","27",1,"2",1,1,1,8
"1018",2017-02-15,2017-02-08,2017-02-18,"6",1,0,1,100.24,158,1,0,0,1,10,3,23,"3","23",110,"2",1,1,1,7
"1019",2017-02-15,2017-02-11,2017-02-18,"6",1,1,1,102.74,99,9,0,0,1,7,3,10,"11","23",27,"1",1,1,0,4
"1020",2017-02-15,2017-02-09,2017-02-16,"4",0,1,0,108.02,156,7,1,4,1,7,1,23,"13","13",1,"2",1,1,0,6
"1022",2017-02-15,2017-02-09,2017-02-24,"5",0,0,0,83.4,374,3,1,2,1,15,9,46,"10","10",1,"2",1,0,1,6
"1024",2017-02-15,2017-02-09,2017-02-18,"6",1,0,1,98.44,242,21,0,0,1,9,3,4,"9","9",1,"2",0,0,0,6
"1025",2017-02-15,2017-02-10,2017-02-17,"5",0,1,1,83.36,190,2,1,0,1,7,2,19,"29","29",1,"2",1,1,0,5
"1026",2017-02-15,2017-02-09,2017-02-17,"5",0,1,1,88.48,120,7,3,0,1,8,2,9,"30","30",1,"2",1,1,0,6
"1028",2017-02-15,2017-02-10,2017-02-17,"5",0,1,1,83.16,198,7,0,0,1,7,2,16,"29","29",1,"2",1,1,0,5
"1029",2017-02-15,2017-02-12,2017-02-18,"6",1,0,1,88.14,160,6,0,0,1,6,3,23,"9","9",1,"2",1,1,1,3
"1032",2017-02-15,2017-02-11,2017-02-17,"5",0,1,1,84.46,198,4,0,0,1,6,2,18,"24","24",1,"2",1,1,0,4
"1033",2017-02-15,2017-02-10,2017-02-17,"5",0,1,1,110.09,217,4,0,0,1,7,2,9,"29","29",1,"2",1,1,0,5
"1034",2017-02-15,2017-02-08,2017-02-16,"4",0,0,1,100.04,190,6,4,0,1,8,1,13,"16","16",1,"2",1,1,1,7
"1035",2017-02-15,2017-02-09,2017-02-16,"4",0,1,0,108.22,261,6,2,0,1,7,1,32,"10","10",1,"2",1,1,0,6
"1036",2017-02-15,2017-01-25,2017-02-17,"5",0,0,1,102.34,253,2,1,2,1,23,2,44,"7","14",1,"2",1,0,1,21
"1039",2017-02-15,2017-02-10,2017-02-24,"5",0,0,1,110.24,336,14,0,3,1,14,9,36,"13","23",69,"2",1,0,1,5
"1040",2017-02-15,2017-02-13,2017-02-22,"3",0,1,1,116.32,247,5,0,0,1,9,7,12,"22","22",1,"2",1,0,0,2
"1042",2017-03-06,2017-02-28,2017-03-08,"3",0,1,1,87.22,302,3,1,3,1,8,2,12,"23","23",1,"2",1,1,0,6
"1043",2017-03-06,2017-03-01,2017-03-08,"3",0,1,1,55.44,144,2,0,2,1,7,2,18,"22","11",152,"2",1,1,0,5
"1044",2017-03-06,2017-02-17,2017-03-10,"5",0,0,0,56.07,240,6,0,0,1,21,4,29,"27","27",1,"2",1,1,1,17
"1045",2017-03-06,2017-03-01,2017-03-08,"3",0,1,1,55.22,181,2,1,2,1,7,2,12,"22","11",152,"2",1,1,0,5
"1048",2017-03-06,2017-02-27,2017-03-08,"3",0,1,1,56.81,172,16,2,2,1,9,2,30,"22","11",152,"2",1,1,0,7
"1050",2017-03-06,2017-03-01,2017-03-11,"6",1,1,1,155.75,360,1,0,3,1,10,5,24,"30","23",108,"2",1,1,0,5
"1051",2017-03-06,2017-02-27,2017-03-08,"3",0,1,1,148.44,347,17,4,3,1,9,2,33,"29","29",1,"2",1,1,0,7
"1052",2017-03-06,2017-02-27,2017-03-07,"2",0,0,1,214.14,252,5,3,0,1,8,1,21,"8","23",4,"2",1,1,1,7
"1053",2017-03-06,2017-02-27,2017-03-08,"3",0,0,1,214.14,248,1,0,2,1,9,2,19,"11","11",1,"1",1,0,1,7
"1054",2017-02-10,2017-02-06,2017-02-16,"4",0,1,1,56.74,156,4,2,3,1,10,6,28,"23","23",1,"2",1,1,0,4
"1056",2017-02-10,2017-01-31,2017-02-18,"6",1,1,1,88.66,183,3,1,3,1,18,8,26,"30","30",1,"1",1,1,0,10
"1057",2017-02-10,2017-02-06,2017-02-11,"6",1,0,1,216,188,0,0,4,1,5,1,19,"3","23",110,"2",1,1,1,4
"1059",2017-02-10,2017-02-06,2017-02-14,"2",0,1,1,55.44,154,1,0,3,1,8,4,18,"23","11",27,"2",1,1,0,4
"1061",2017-02-10,2017-01-30,2017-02-11,"6",1,1,0,55.68,114,1,0,0,1,12,1,8,"23","23",1,"2",1,1,0,11
"1066",2017-02-10,2017-02-07,2017-02-16,"4",0,1,1,123.75,208,2,0,1,1,9,6,12,"17","23",148,"2",1,1,0,3
"1067",2017-02-10,2017-02-07,2017-02-16,"4",0,1,0,151.36,302,11,0,3,1,9,6,30,"23","23",1,"2",1,0,0,3
"1068",2017-02-10,2017-01-28,2017-02-11,"6",1,1,0,56.64,134,3,0,0,1,14,1,6,"9","9",1,"2",1,1,0,13
"1070",2017-02-10,2017-02-06,2017-02-17,"5",0,0,1,76.45,203,3,1,2,1,11,7,22,"17","17",1,"2",1,0,1,4
"1071",2017-02-10,2017-02-02,2017-02-14,"2",0,0,1,78.03,210,2,0,3,1,12,4,16,"11","17",163,"2",1,1,1,8
"1072",2017-02-10,2017-02-03,2017-02-17,"5",0,0,1,56.64,300,5,2,3,1,14,7,28,"17","17",1,"2",1,1,1,7
"1073",2017-02-10,2017-01-07,2017-02-17,"5",0,1,1,58.21,240,3,1,3,1,41,7,26,"11","23",27,"2",1,1,0,34
"1074",2017-02-10,2017-02-01,2017-02-17,"5",0,1,1,108.24,186,2,0,0,1,16,7,20,"11","17",1,"1",1,1,0,9
"1075",2017-02-10,2017-02-03,2017-02-17,"5",0,0,1,108.22,112,2,0,3,1,14,7,21,"11","11",1,"2",1,1,1,7
"1076",2017-02-10,2017-01-22,2017-02-14,"2",0,1,1,88.43,230,4,1,2,1,23,4,36,"22","23",168,"1",1,1,0,19
"1077",2017-02-10,2017-02-04,2017-02-13,"1",0,1,1,58.43,196,5,2,4,1,9,3,28,"23","14",1,"1",1,1,0,6
"1079",2017-02-10,2017-02-04,2017-02-13,"1",0,1,1,56.38,242,2,0,0,1,9,3,17,"31","23",58,"2",1,1,0,6
"1085",2017-02-10,2017-02-03,2017-02-14,"2",0,1,1,74.01,187,4,4,4,1,11,4,12,"29","23",23,"2",1,1,0,7
"1087",2017-02-10,2017-02-03,2017-02-11,"6",1,1,1,118.21,129,7,1,0,1,8,1,12,"22","22",1,"2",1,1,0,7
"1089",2017-02-21,2017-02-10,2017-02-25,"6",1,0,1,54.66,293,10,3,4,1,15,4,28,"30","30",1,"2",1,0,1,11
"1091",2017-02-21,2017-02-13,2017-02-25,"6",1,1,1,58.12,260,4,4,2,1,12,4,15,"17","17",1,"2",1,1,0,8
"1093",2017-02-21,2017-02-18,2017-02-24,"5",0,1,1,83.6,200,5,5,0,1,6,3,12,"9","23",1,"2",1,1,0,3
"1094",2017-02-21,2017-02-12,2017-02-25,"5",0,0,1,83.57,220,3,0,2,1,13,4,18,"14","23",85,"2",1,1,1,9
"1095",2017-02-21,2017-02-15,2017-02-25,"5",0,0,1,109.12,238,9,0,1,1,10,4,22,"10","14",27,"2",1,1,1,6
"1096",2017-02-21,2017-02-13,2017-02-21,"2",0,1,1,84.21,246,4,1,2,1,8,0,18,"23","23",1,"2",1,1,0,8
"1098",2017-02-21,2017-02-11,2017-02-23,"4",0,1,1,86.02,175,12,0,0,1,12,2,17,"14","14",1,"2",1,1,0,10
"1099",2017-02-21,2017-02-13,2017-02-23,"4",0,0,1,58.12,212,11,0,2,1,10,2,19,"27","27",1,"2",1,0,1,8
"1101",2017-02-21,2017-02-14,2017-02-24,"5",0,1,1,56.18,201,0,0,3,1,10,3,18,"24","24",1,"2",0,0,0,7
"1102",2017-02-21,2017-02-09,2017-02-24,"5",0,0,0,58.17,241,3,1,4,1,15,3,22,"10","10",1,"2",1,0,1,12
"1103",2017-02-21,2017-02-18,2017-02-25,"6",1,1,1,54.56,201,4,1,3,1,7,4,16,"17","17",1,"2",1,1,0,3
"1104",2017-02-21,2017-02-14,2017-03-03,"5",0,1,1,67.76,396,7,3,8,1,17,10,48,"13","13",1,"2",1,1,0,7
"1105",2017-02-21,0217-12-02,2017-03-01,"3",0,1,0,149.6,232,10,5,8,1,17,8,27,"7","12",1,"2",1,1,0,657153
"1107",2017-02-21,2017-02-12,2017-02-25,"6",1,1,1,56.44,168,14,0,0,1,13,4,8,"33","33",1,"2",1,0,0,9
"1109",2017-02-21,2017-02-20,2017-02-25,"6",1,1,1,78.68,119,2,0,1,1,5,4,10,"29","11",20,"1",1,1,0,1
"1110",2017-02-21,2017-02-14,2017-02-25,"6",1,0,1,76.55,137,4,2,3,1,11,4,34,"3","3",1,"2",1,1,1,7
"1112",2017-02-21,2017-02-17,2017-02-24,"5",0,1,1,77.34,230,8,3,4,1,7,3,33,"23","17",148,"2",1,1,0,4
"1115",2017-02-21,2017-02-16,2017-02-25,"6",1,1,1,58.41,112,4,2,0,1,9,4,8,"23","23",1,"2",1,1,0,5
"1116",2017-02-21,2017-02-13,2017-02-23,"4",0,1,1,418.5,300,10,0,2,1,10,2,23,"17","17",1,"2",1,0,0,8
"1119",2017-02-21,2017-02-10,2017-02-24,"5",0,1,1,58.58,143,4,1,2,1,14,3,12,"17","23",75,"1",1,1,0,11
"1120",2017-02-21,2017-02-08,2017-02-24,"5",0,0,1,56.54,156,8,2,6,1,16,3,22,"27","17",98,"2",1,0,1,13
"1123",2017-02-21,2017-02-14,2017-02-24,"5",0,1,1,84.22,138,9,3,4,1,10,3,31,"11","11",1,"2",1,0,0,7
"1125",2017-02-21,2017-02-17,2017-02-23,"4",0,0,1,109.12,223,12,2,3,1,6,2,23,"16","16",1,"2",1,0,1,4
"1128",2017-02-21,2017-02-17,2017-02-23,"4",0,0,1,55.31,187,0,0,0,1,6,2,9,"23","23",1,"2",0,0,0,4
"1129",2017-02-21,2017-02-13,2017-02-25,"6",1,1,1,64.33,210,3,1,0,1,12,4,16,"3","23",110,"2",1,1,0,8
"1130",2017-02-21,2017-02-13,2017-02-25,"6",1,1,1,63.23,198,2,1,3,1,12,4,28,"23","23",1,"2",1,1,0,8
"1131",2017-02-21,2017-02-18,2017-02-25,"6",1,1,1,84.02,194,5,2,5,1,7,4,21,"28","28",1,"2",1,1,0,3
"1132",2017-02-21,2017-02-15,2017-02-23,"4",0,1,1,76.65,178,0,0,0,1,8,2,5,"28","11",25,"2",0,0,0,6
"1134",2017-02-21,2017-01-21,2017-02-24,"5",0,0,1,124.23,166,4,1,6,1,34,3,21,"11","11",1,"2",1,1,1,31
"1135",2017-03-13,2017-03-07,2017-03-14,"2",0,0,1,73.25,121,8,1,2,1,7,1,17,"10","10",1,"2",1,0,1,6
"1136",2017-03-13,2017-03-07,2017-03-17,"5",0,1,1,72.84,145,15,6,0,1,10,4,13,"25","33",145,"2",1,0,0,6
"1137",2017-03-13,2017-03-08,2017-03-15,"3",0,1,0,56.01,147,6,2,4,1,7,2,26,"7","23",1,"2",1,1,0,5
"1139",2017-03-13,2017-03-04,2017-03-17,"6",1,1,1,78.48,138,9,1,2,1,13,4,25,"27","29",91,"2",1,1,0,9
"1140",2017-03-13,2017-03-09,2017-03-16,"4",0,1,1,65.56,154,1,1,0,1,7,3,10,"11","11",1,"2",1,1,0,4
"1141",2017-03-13,2017-03-08,2017-03-17,"5",0,0,1,58.41,143,19,6,5,1,9,4,16,"22","11",134,"2",1,0,1,5
"1143",2017-03-13,2017-03-08,2017-03-16,"4",0,1,0,56.32,124,11,2,3,1,8,3,15,"15","15",1,"2",1,1,0,5
"1144",2017-03-13,2017-03-06,2017-03-14,"2",0,0,1,56.34,126,18,7,3,1,8,1,13,"2","2",1,"2",1,1,1,7
"1145",0217-03-13,2017-03-09,2017-03-15,"3",0,1,1,58.11,131,11,6,3,1,6,3,14,"29","29",1,"2",1,1,0,-657433
"1146",2017-03-13,2017-03-07,2017-03-15,"3",0,0,1,57.01,135,2,2,0,1,8,2,6,"28","11",25,"2",1,1,1,6
"1147",2017-03-13,2017-03-06,2017-03-14,"2",0,0,1,56.45,158,1,0,1,1,8,1,8,"12","12",1,"2",1,1,1,7
"1148",2017-03-13,2017-03-06,2017-03-17,"5",0,0,0,68.64,290,6,0,2,1,11,4,40,"13","21",162,"2",1,0,1,7
"1149",2017-03-13,2017-03-07,2017-03-15,"3",0,0,1,109.12,270,10,2,2,1,8,2,23,"29","29",1,"2",1,1,1,6
"1152",2017-03-13,2017-03-05,2017-03-14,"2",0,0,1,58.68,193,8,4,5,1,9,1,21,"13","24",36,"2",1,1,1,8
"1153",2017-03-13,2017-03-06,2017-03-17,"6",1,1,1,80.08,198,10,8,5,1,11,4,23,"29","11",20,"2",1,0,0,7
"1154",2017-03-21,2017-03-16,2017-03-22,"3",0,1,1,53.43,150,4,0,0,1,6,1,7,"22","29",164,"2",1,1,0,5
"1155",2017-03-21,2017-03-08,2017-03-24,"5",0,1,1,71.28,194,3,0,4,1,16,3,15,"27","27",1,"2",1,1,0,13
"1156",2017-03-21,2017-03-08,2017-03-24,"5",0,1,1,58.63,176,0,0,3,1,16,3,18,"14","14",1,"1",0,0,0,13
"1157",2017-03-21,2017-03-16,2017-03-25,"6",1,1,0,83.6,182,6,2,4,1,9,4,18,"17","17",1,"2",1,1,0,5
"1158",2017-03-21,2017-03-10,2017-03-26,"7",1,1,0,54.34,200,0,0,2,1,16,5,12,"7","23",1,"2",0,0,0,11
"1162",2017-03-21,2017-03-13,2017-03-24,"5",0,0,1,66.54,246,6,1,2,1,11,3,21,"27","13",71,"2",1,1,1,8
"1163",2017-03-21,2017-03-14,2017-03-27,"1",0,0,1,83.6,138,14,2,0,1,13,6,14,"29","29",1,"2",1,0,1,7
"1164",2017-03-21,2017-03-14,2017-03-31,"5",0,0,1,88.17,194,3,1,3,1,17,10,20,"30","23",108,"2",1,1,1,7
"1166",2017-03-21,2017-03-15,2017-03-22,"3",0,1,1,110,135,0,0,0,1,7,1,2,"28","28",1,"2",0,1,0,6
"1167",2017-03-21,2017-03-21,2017-03-23,"4",0,1,1,64.24,135,2,1,3,1,2,2,6,"6","12",1,"2",1,1,0,0
"1168",2017-03-21,2017-03-12,2017-03-24,"5",0,0,1,63.21,242,7,3,5,1,12,3,36,"27","23",69,"2",1,1,1,9
"1169",2017-03-21,2017-03-14,2017-03-24,"5",0,1,0,56.61,197,6,1,4,1,10,3,24,"17","17",1,"2",1,1,0,7
"1170",2017-03-21,2017-03-16,2017-03-22,"3",0,1,1,58.34,112,3,0,0,1,6,1,0,"11","11",1,"2",1,1,0,5
"1171",2017-03-21,2017-03-17,2017-03-30,"4",0,0,1,58.41,149,3,1,2,1,13,9,23,"30","30",1,"2",1,0,1,4
"1172",2017-03-21,2017-03-14,2017-03-23,"4",0,1,1,56.54,122,2,0,2,1,9,2,24,"11","11",1,"2",1,1,0,7
"1173",2017-03-21,2017-03-15,2017-03-23,"4",0,1,1,58.66,168,4,1,4,1,8,2,26,"12","10",32,"1",1,1,0,6
"1174",2017-03-21,2017-03-17,2017-03-25,"6",1,0,1,56.67,170,5,2,5,1,8,4,23,"15","23",31,"2",1,1,1,4
"1178",2017-02-23,2017-02-06,2017-02-26,"6",1,1,0,54.56,225,3,0,2,1,20,3,25,"14","14",1,"2",1,1,0,17
"1182",2017-02-23,2017-02-19,2017-03-25,"6",0,0,1,77.44,134,1,1,4,1,34,30,25,"24","24",1,"2",1,0,1,4
"1184",2017-02-23,2017-02-17,2017-02-25,"6",1,0,1,66.46,134,4,0,0,1,8,2,22,"15","15",1,"2",1,0,1,6
"1186",2017-02-23,2017-02-20,2017-02-25,"6",1,0,1,155.25,210,9,4,0,1,5,2,5,"22","11",152,"2",1,0,1,3
"1187",2017-02-23,2017-02-18,2017-02-28,"2",0,1,1,158.12,225,7,1,2,1,10,5,17,"29","29",1,"2",1,1,0,5
"1190",2017-02-23,2017-02-18,2017-02-28,"2",0,0,1,82.44,156,3,0,2,1,10,5,13,"24","23",22,"1",1,1,1,5
"1193",2017-02-23,2017-02-19,2017-02-24,"5",0,0,1,54.36,111,0,0,0,1,5,1,5,"11","11",1,"2",0,0,0,4
"1195",2017-02-23,2017-02-21,2017-02-28,"2",0,0,1,112.13,462,12,5,10,1,7,5,45,"11","23",1,"2",1,0,1,2
"1198",2017-02-23,2017-02-16,2017-03-02,"4",0,0,1,83.6,351,4,2,3,1,14,7,22,"13","13",1,"2",1,0,1,7
"1200",2017-02-23,2017-02-19,2017-02-27,"1",0,0,1,68.25,164,8,4,5,1,8,4,24,"29","29",1,"2",1,0,1,4
"1201",2017-02-23,2017-02-08,2017-03-04,"6",1,1,1,63.25,160,4,1,3,1,24,9,16,"14","23",114,"2",1,1,0,15
"1202",2017-02-23,2017-02-16,2017-02-25,"6",1,1,1,58.41,112,4,2,0,1,9,2,8,"23","23",1,"2",1,1,0,7
"1203",2017-02-23,2017-02-19,2017-02-24,"5",0,0,0,117.45,254,3,0,0,1,5,1,6,"25","23",96,"2",0,0,0,4
"1205",2017-02-23,2017-02-17,2017-03-03,"5",0,1,0,86.72,201,4,2,3,1,14,8,18,"13","23",81,"2",1,0,0,6
"1206",2017-02-23,2017-02-20,2017-02-25,"6",1,1,1,78.68,119,2,0,1,1,5,2,10,"29","11",20,"1",1,1,0,3
"1207",2017-02-23,2017-02-17,2017-03-03,"5",0,1,1,216,84,0,0,5,1,14,8,5,"3","3",1,"2",0,0,0,6
"1210",2017-02-23,2017-02-18,2017-02-24,"5",0,0,1,58.96,164,4,2,0,1,6,1,10,"11","11",1,"2",1,1,1,5
"1212",2017-02-23,2017-02-16,2017-02-25,"6",1,0,1,58.87,212,2,0,4,1,9,2,27,"4","23",123,"2",1,1,1,7
"1214",2017-02-23,2017-02-19,2017-02-25,"6",1,1,1,67.76,300,5,3,6,1,6,2,31,"32","32",1,"2",1,1,0,4
"1219",2017-02-23,2017-02-14,2017-02-28,"2",0,1,1,63.74,198,7,2,4,1,14,5,26,"14","14",1,"2",1,0,0,9
"1220",2017-02-23,2017-02-19,2017-02-24,"5",0,0,1,64.64,125,4,2,3,1,5,1,21,"13","11",61,"2",1,1,1,4
"1223",2017-03-30,2017-03-20,2017-04-01,"6",1,0,1,67.76,221,7,2,4,1,12,2,17,"24","24",1,"2",1,0,1,10
"1225",2017-03-30,2017-03-25,2017-04-01,"6",1,0,1,59.84,210,5,0,0,1,7,2,12,"22","11",152,"2",1,0,1,5
"1227",2017-03-30,2017-03-24,2017-04-05,"3",0,0,1,110,301,0,0,4,1,12,6,34,"32","23",101,"2",0,0,0,6
"1228",2017-03-30,2017-02-12,2017-04-05,"3",0,0,1,54.21,142,9,2,4,1,52,6,26,"29","23",23,"2",1,1,1,46
"1229",2017-03-30,2017-03-23,2017-04-01,"6",1,1,1,59.84,162,3,2,0,1,9,2,7,"31","11",40,"2",1,1,0,7
"1230",2017-03-30,2017-03-26,2017-03-31,"5",0,1,1,59.84,155,3,0,0,1,5,1,13,"12","23",9,"2",1,0,0,4
"1231",2017-03-30,2017-03-23,2017-03-31,"5",0,0,1,55.44,126,4,3,0,1,8,1,11,"11","11",1,"2",1,1,1,7
"1232",2017-03-30,2017-03-26,2017-04-01,"6",1,1,1,85.36,216,6,3,4,1,6,2,19,"29","29",1,"2",1,0,0,4
"1233",2017-03-30,2017-03-19,2017-04-01,"6",1,1,1,83.6,96,1,0,0,1,13,2,6,"9","23",91,"1",1,1,0,11
"1234",2017-03-30,2017-03-19,2017-04-01,"6",1,1,1,83.6,98,4,1,0,1,13,2,8,"3","23",110,"1",1,1,0,11
"1235",2017-03-30,2017-03-15,2017-04-01,"6",1,1,1,54.21,181,15,2,3,1,17,2,28,"30","30",1,"2",1,1,0,15
"1236",2017-03-30,2017-03-24,2017-04-01,"6",1,1,1,110,156,7,4,1,1,8,2,5,"10","10",1,"2",1,1,0,6
"1238",2017-03-30,2017-03-27,2017-04-08,"6",1,0,1,55.44,253,5,1,3,1,12,9,23,"21","23",132,"2",1,0,1,3
"1240",2017-03-30,2017-03-26,2017-04-01,"6",1,1,0,55.44,165,2,0,0,1,6,2,13,"22","22",1,"2",1,0,0,4
"1242",2017-03-30,2017-03-23,2017-04-07,"5",0,1,1,54.56,162,3,0,0,1,15,8,12,"10","23",57,"2",1,1,0,7
"1243",2017-03-30,2017-03-21,2017-04-01,"6",1,0,1,73.92,242,9,2,2,1,11,2,27,"22","22",1,"2",1,0,1,9
"1245",2017-03-30,2017-03-21,2017-04-01,"6",1,1,1,80.96,138,0,0,1,1,11,2,30,"31","23",58,"2",0,0,0,9
"1246",2017-03-30,2017-03-22,2017-04-06,"4",0,0,1,84.48,141,2,0,0,1,15,7,7,"23","23",1,"2",0,0,0,8
"1247",2017-03-30,2017-03-17,2017-04-01,"6",1,0,1,84.48,151,4,2,5,1,15,2,30,"32","33",156,"2",1,1,1,13
"1248",2017-03-01,2017-02-21,2017-03-03,"5",0,1,1,54.56,181,0,0,0,1,10,2,15,"17","17",1,"1",0,0,0,8
"1250",2017-03-01,2017-01-23,2017-03-04,"6",1,0,0,57.56,223,4,0,4,1,40,3,21,"15","23",31,"2",1,1,1,37
"1251",2017-03-01,2017-02-16,2017-03-02,"4",0,0,1,83.6,351,4,2,3,1,14,1,22,"13","13",1,"2",1,0,1,13
"1252",2017-03-01,2017-02-24,2017-03-04,"6",1,1,1,55.34,276,3,1,4,1,8,3,24,"17","17",1,"1",1,1,0,5
"1253",2017-03-01,2017-02-23,2017-04-03,"5",0,0,1,54.56,162,4,2,5,1,39,33,28,"1","11",61,"2",1,1,1,6
"1254",2017-03-01,2017-02-11,2017-03-02,"4",0,0,1,58.86,133,2,1,6,1,19,1,10,"21","21",1,"2",1,0,1,18
"1256",2017-03-01,2017-02-21,2017-03-09,"4",0,1,1,84.48,302,5,2,6,1,16,8,28,"7","23",94,"2",1,1,0,8
"1257",2017-03-01,2017-02-24,2017-03-03,"5",0,0,0,67.76,202,7,3,4,1,7,2,20,"23","23",1,"2",1,0,1,5
"1258",2017-03-01,2017-02-17,2017-03-04,"6",1,0,1,54.56,135,5,2,6,1,15,3,31,"33","23",72,"2",1,1,1,12
"1259",2017-03-01,2017-02-25,2017-03-02,"4",0,1,1,214.4,312,8,2,5,1,5,1,25,"11","23",1,"2",1,1,0,4
"1260",2017-03-01,2017-02-22,2017-03-03,"5",0,1,1,84.48,320,3,3,10,1,9,2,38,"31","23",58,"2",1,0,0,7
"1262",2017-03-01,2017-02-26,2017-03-04,"6",1,1,1,54.56,211,3,1,3,1,6,3,17,"22","11",152,"2",1,1,0,3
"1264",2017-03-01,2017-02-22,2017-03-03,"5",0,0,0,84.48,146,1,0,3,1,9,2,13,"24","24",1,"2",1,1,1,7
"1265",2017-03-01,2017-02-22,2017-03-03,"5",0,0,1,58.96,180,9,1,2,1,9,2,11,"22","22",1,"2",1,1,1,7
"1270",2017-03-01,2017-02-26,2017-03-11,"6",1,1,1,125.84,378,8,6,7,1,13,10,28,"30","23",108,"2",1,1,0,3
"1272",2017-03-01,2017-02-26,2017-03-03,"5",0,1,1,54.56,120,0,0,3,1,5,2,8,"15","11",24,"2",0,1,0,3
"1273",2017-03-01,2017-02-25,2017-03-03,"5",0,0,1,54.56,171,3,0,0,1,6,2,23,"29","23",1,"1",1,0,1,4
"1275",2017-03-01,2017-02-23,2017-03-07,"2",0,0,1,67.76,180,9,1,4,1,12,6,23,"11","11",1,"2",1,0,1,6
"1277",2017-03-01,2017-02-22,2017-03-04,"6",1,1,1,84.48,274,0,0,6,1,10,3,29,"33","23",61,"1",0,0,0,7
"1279",2017-03-01,2017-02-26,2017-03-03,"5",0,0,1,212.8,133,5,0,0,1,5,2,13,"32","32",20,"2",0,0,0,3
"1281",2017-03-01,2017-02-24,2017-03-06,"1",0,1,1,440,383,7,0,2,1,10,5,30,"29","23",23,"2",1,1,0,5
"1282",2017-03-17,2017-03-12,2017-03-21,"2",0,0,1,54.56,210,2,0,3,1,9,4,21,"24","24",1,"2",1,0,1,5
"1283",2017-03-17,2017-03-13,2017-03-22,"3",0,1,1,54.56,224,3,0,4,1,9,5,18,"29","23",23,"2",1,0,0,4
"1284",2017-03-17,2017-03-13,2017-03-20,"1",0,0,1,54.56,196,1,0,2,1,7,3,13,"33","33",1,"2",0,0,0,4
"1285",2017-03-17,2017-03-14,2017-03-22,"3",0,1,1,54.56,152,3,0,0,1,8,5,17,"21","21",1,"2",1,1,0,3
"1287",2017-03-17,2017-03-13,2017-03-18,"6",1,0,1,110,224,1,0,0,1,5,1,18,"23","23",1,"2",0,0,0,4
"1288",2017-03-17,2017-03-12,2017-03-24,"5",0,0,1,130.24,339,6,3,14,1,12,7,54,"13","13",1,"2",1,0,1,5
"1289",2017-03-17,2017-03-11,2017-03-22,"3",0,0,1,131.22,166,12,4,3,1,11,5,27,"22","11",152,"2",1,0,1,6
"1291",2017-03-17,2017-03-12,2017-03-18,"6",1,1,1,54.56,216,10,0,1,1,6,1,21,"18","17",159,"2",1,1,0,5
